set,source,model,n_test,h_rel_l2_mean,h_rel_l2_median,c_rel_l2_mean,c_rel_l2_median,mbe_w_mean_final,mbe_c_mean_final,front_error_mean_cm,bt_mae_hours,n_breakthrough,run_dir
E6_extreme_peak_v1,iid_baseline,m1,78,0.506171491397307,0.48049430512921354,0.39323179401318126,0.31280294370138306,26.446063995361328,172.13780212402344,20.642214515071657,13.626865671641792,67,/root/autodl-tmp/repo/experiments/qtop_func/runs_revision/e6e8_eval__E6_extreme_peak_v1__iid_baseline
E6_extreme_peak_v1,iid_baseline,m2_data,78,0.41062702433262416,0.36137549080293463,0.32183315573301524,0.2527319893324899,17.251567840576172,188.28790283203125,13.430360933903975,14.656716417910447,67,/root/autodl-tmp/repo/experiments/qtop_func/runs_revision/e6e8_eval__E6_extreme_peak_v1__iid_baseline
E6_extreme_peak_v1,iid_baseline,m2_score,78,0.45716804096632896,0.385006877979301,0.36520662457034914,0.293687057690732,19.53531265258789,187.48117065429688,16.08740274914068,15.716417910447761,67,/root/autodl-tmp/repo/experiments/qtop_func/runs_revision/e6e8_eval__E6_extreme_peak_v1__iid_baseline
E6_extreme_peak_v1,iid_baseline,fnn,78,0.3351346522063673,0.2841424293182352,0.224638492461249,0.14269905217255624,15.733694076538086,204.36471557617188,10.034779021247353,4.119402985074627,67,/root/autodl-tmp/repo/experiments/qtop_func/runs_revision/e6e8_eval__E6_extreme_peak_v1__iid_baseline
E6_extreme_peak_v1,iid_baseline,fno,78,0.6450566361875202,0.5758460908345358,0.7876548904885589,0.494872027655722,48.11758804321289,199.39561462402344,27.261537104315575,10.26865671641791,67,/root/autodl-tmp/repo/experiments/qtop_func/runs_revision/e6e8_eval__E6_extreme_peak_v1__iid_baseline
E6_extreme_peak_v1,ood_peak_baseline,m1,78,0.33239357631975935,0.27930535939048584,0.23162502375641422,0.18067619115381606,16.904048919677734,205.2644805908203,10.673326630768125,10.119402985074627,67,/root/autodl-tmp/repo/experiments/qtop_func/runs_revision/e6e8_eval__E6_extreme_peak_v1__ood_peak_baseline
E6_extreme_peak_v1,ood_peak_baseline,m2_data,78,0.3362272879427971,0.27805987229494256,0.22127097585264358,0.16679944728524754,17.815704345703125,201.04049682617188,10.423618782416883,6.82089552238806,67,/root/autodl-tmp/repo/experiments/qtop_func/runs_revision/e6e8_eval__E6_extreme_peak_v1__ood_peak_baseline
E6_extreme_peak_v1,ood_peak_baseline,m2_score,78,0.3362272879427971,0.27805987229494256,0.22127097585264358,0.16679944728524754,17.815704345703125,201.04049682617188,10.423618782416883,6.82089552238806,67,/root/autodl-tmp/repo/experiments/qtop_func/runs_revision/e6e8_eval__E6_extreme_peak_v1__ood_peak_baseline
E6_extreme_peak_v1,ood_peaktime_baseline,m1,78,0.3206445018828479,0.2782568183810832,0.2458664076596871,0.21163703944041842,19.626461029052734,203.2056884765625,10.98884963190391,11.223880597014926,67,/root/autodl-tmp/repo/experiments/qtop_func/runs_revision/e6e8_eval__E6_extreme_peak_v1__ood_peaktime_baseline
E6_extreme_peak_v1,ood_peaktime_baseline,m2_data,78,0.3232535016959648,0.2699380203474945,0.24298626995445305,0.2029498733756842,19.198957443237305,199.3437957763672,10.946447976184876,11.283582089552239,67,/root/autodl-tmp/repo/experiments/qtop_func/runs_revision/e6e8_eval__E6_extreme_peak_v1__ood_peaktime_baseline
E6_extreme_peak_v1,ood_peaktime_baseline,m2_score,78,0.3232535016959648,0.2699380203474945,0.24298626995445305,0.2029498733756842,19.198957443237305,199.3437957763672,10.946447976184876,11.283582089552239,67,/root/autodl-tmp/repo/experiments/qtop_func/runs_revision/e6e8_eval__E6_extreme_peak_v1__ood_peaktime_baseline
E6_extreme_peak_v1,regshift_e0_iid_s42,m1,78,0.30894438046494305,0.26876502094737664,0.25503118702782845,0.19293226452313314,14.408087730407715,206.98818969726562,10.69482926132931,12.746268656716419,67,/root/autodl-tmp/repo/experiments/qtop_func/runs_revision/e6e8_eval__E6_extreme_peak_v1__regshift_e0_iid_s42
E6_extreme_peak_v1,regshift_e0_iid_s42,m2_data,78,0.30879467065003513,0.26920513825892595,0.24036515172752446,0.208465432892799,12.861631393432617,201.7689666748047,10.06398097514449,8.56060606060606,66,/root/autodl-tmp/repo/experiments/qtop_func/runs_revision/e6e8_eval__E6_extreme_peak_v1__regshift_e0_iid_s42
E6_extreme_peak_v1,regshift_e0_iid_s42,m2_score,78,0.30671937050814424,0.2877699355508144,0.22489692463336333,0.20404952938547305,14.07397174835205,204.2272186279297,9.556247217325966,7.6,65,/root/autodl-tmp/repo/experiments/qtop_func/runs_revision/e6e8_eval__E6_extreme_peak_v1__regshift_e0_iid_s42
E6_extreme_peak_v1,regshift_e0_ood_peak_s42,m1,78,0.3000104002703078,0.2820005794761018,0.20799859245270091,0.1706413295897825,13.815627098083496,199.7259063720703,9.977962102160426,8.328358208955224,67,/root/autodl-tmp/repo/experiments/qtop_func/runs_revision/e6e8_eval__E6_extreme_peak_v1__regshift_e0_ood_peak_s42
E6_extreme_peak_v1,regshift_e0_ood_peak_s42,m2_data,78,0.2981026067583611,0.2760583347606035,0.21429708137523434,0.16861593847815637,11.565800666809082,208.91009521484375,9.34811566935032,10.0,67,/root/autodl-tmp/repo/experiments/qtop_func/runs_revision/e6e8_eval__E6_extreme_peak_v1__regshift_e0_ood_peak_s42
E6_extreme_peak_v1,regshift_e0_ood_peak_s42,m2_score,78,0.2981026067583611,0.2760583347606035,0.21429708137523434,0.16861593847815637,11.565800666809082,208.91009521484375,9.34811566935032,10.0,67,/root/autodl-tmp/repo/experiments/qtop_func/runs_revision/e6e8_eval__E6_extreme_peak_v1__regshift_e0_ood_peak_s42
E6_extreme_peak_v1,regshift_e0_ood_peak_time_s42,m1,78,0.263510425316561,0.24635525155027865,0.1902835345239774,0.14739970925219842,13.604072570800781,197.6124725341797,6.802680788282171,5.7611940298507465,67,/root/autodl-tmp/repo/experiments/qtop_func/runs_revision/e6e8_eval__E6_extreme_peak_v1__regshift_e0_ood_peak_time_s42
E6_extreme_peak_v1,regshift_e0_ood_peak_time_s42,m2_data,78,0.2593743614589908,0.2224032493599377,0.18479220669679622,0.1565730933744452,12.505656242370605,198.6823272705078,6.866205932125265,5.343283582089552,67,/root/autodl-tmp/repo/experiments/qtop_func/runs_revision/e6e8_eval__E6_extreme_peak_v1__regshift_e0_ood_peak_time_s42
E6_extreme_peak_v1,regshift_e0_ood_peak_time_s42,m2_score,78,0.27070667371239854,0.24294780149845832,0.21350688162543094,0.17094548571528195,13.904891967773438,160.7965545654297,7.358309932343629,13.477611940298507,67,/root/autodl-tmp/repo/experiments/qtop_func/runs_revision/e6e8_eval__E6_extreme_peak_v1__regshift_e0_ood_peak_time_s42
E6_extreme_peak_v1,regshift_e0_ood_peak_time_s42,m2_phase2_score,78,0.27070667371239854,0.24294780149845832,0.21350688162543094,0.17094548571528195,13.904891967773438,160.7965545654297,7.358309932343629,13.477611940298507,67,/root/autodl-tmp/repo/experiments/qtop_func/runs_revision/e6e8_eval__E6_extreme_peak_v1__regshift_e0_ood_peak_time_s42
E6_extreme_peak_v1,regshift_iid_s42,m1,78,0.3108595353790782,0.2744774179910474,0.22584732895498497,0.13887295469879807,16.407129287719727,208.71705627441406,8.797077936544976,5.2153846153846155,65,/root/autodl-tmp/repo/experiments/qtop_func/runs_revision/e6e8_eval__E6_extreme_peak_v1__regshift_iid_s42
E6_extreme_peak_v1,regshift_iid_s42,m2_data,78,0.3163617433007135,0.2767112799425072,0.2224758017463868,0.1488200579697232,16.383487701416016,206.3767547607422,8.951711108907894,4.538461538461538,65,/root/autodl-tmp/repo/experiments/qtop_func/runs_revision/e6e8_eval__E6_extreme_peak_v1__regshift_iid_s42
E6_extreme_peak_v1,regshift_iid_s42,m2_score,78,0.31919516651597485,0.2875727260509157,0.22263082302689277,0.14591166713150325,17.505260467529297,201.965576171875,9.435750813931527,4.861538461538461,65,/root/autodl-tmp/repo/experiments/qtop_func/runs_revision/e6e8_eval__E6_extreme_peak_v1__regshift_iid_s42
E6_extreme_peak_v1,regshift_ood_peak_s42,m1,78,0.32493988542388896,0.28888065266985163,0.21550661440899566,0.15622845497229576,15.72261905670166,200.00588989257812,9.905518670068808,6.878787878787879,66,/root/autodl-tmp/repo/experiments/qtop_func/runs_revision/e6e8_eval__E6_extreme_peak_v1__regshift_ood_peak_s42
E6_extreme_peak_v1,regshift_ood_peak_s42,m2_data,78,0.3279510235657538,0.28374944516165257,0.22213465002444488,0.17236145699421107,15.327461242675781,201.22406005859375,9.876371858940805,7.522388059701493,67,/root/autodl-tmp/repo/experiments/qtop_func/runs_revision/e6e8_eval__E6_extreme_peak_v1__regshift_ood_peak_s42
E6_extreme_peak_v1,regshift_ood_peak_s42,m2_score,78,0.3279510235657538,0.28374944516165257,0.22213465002444488,0.17236145699421107,15.327461242675781,201.22406005859375,9.876371858940805,7.522388059701493,67,/root/autodl-tmp/repo/experiments/qtop_func/runs_revision/e6e8_eval__E6_extreme_peak_v1__regshift_ood_peak_s42
E6_extreme_peak_v1,regshift_ood_time_s42,m1,78,0.32122699854069137,0.2774936741196995,0.22388955054917759,0.1531968031108233,19.991382598876953,205.6341094970703,9.375656626920103,5.6875,64,/root/autodl-tmp/repo/experiments/qtop_func/runs_revision/e6e8_eval__E6_extreme_peak_v1__regshift_ood_time_s42
E6_extreme_peak_v1,regshift_ood_time_s42,m2_data,78,0.31031541785878897,0.27449464392922285,0.2239292252474433,0.16837784517256,19.82282257080078,196.64561462402344,9.65569719154053,5.1692307692307695,65,/root/autodl-tmp/repo/experiments/qtop_func/runs_revision/e6e8_eval__E6_extreme_peak_v1__regshift_ood_time_s42
E6_extreme_peak_v1,regshift_ood_time_s42,m2_score,78,0.31031541785878897,0.27449464392922285,0.2239292252474433,0.16837784517256,19.82282257080078,196.64561462402344,9.65569719154053,5.1692307692307695,65,/root/autodl-tmp/repo/experiments/qtop_func/runs_revision/e6e8_eval__E6_extreme_peak_v1__regshift_ood_time_s42
E6_extreme_peak_v1,shift_iid,m1,78,0.39874307600921116,0.36084410000641765,0.3520078863667219,0.2827032634077508,21.595157623291016,187.81005859375,18.25639558435496,13.257575757575758,66,/root/autodl-tmp/repo/experiments/qtop_func/runs_revision/e6e8_eval__E6_extreme_peak_v1__shift_iid
E6_extreme_peak_v1,shift_iid,m2_data,78,0.32672768824056864,0.28298716213731434,0.2670753732613867,0.19582603846078148,18.678831100463867,196.9464569091797,12.132795024730392,11.82089552238806,67,/root/autodl-tmp/repo/experiments/qtop_func/runs_revision/e6e8_eval__E6_extreme_peak_v1__shift_iid
E6_extreme_peak_v1,shift_iid,m2_score,78,0.3272355509347805,0.29296611810832845,0.2922869007057394,0.23151956143764404,20.05150032043457,172.64141845703125,13.063110780728273,14.656716417910447,67,/root/autodl-tmp/repo/experiments/qtop_func/runs_revision/e6e8_eval__E6_extreme_peak_v1__shift_iid
E6_extreme_peak_v1,shift_ood_peak,m1,78,0.38225437099362497,0.3360433598622899,0.3323604853201011,0.24481402353881343,20.52211570739746,205.56631469726562,13.145620773168844,13.164179104477611,67,/root/autodl-tmp/repo/experiments/qtop_func/runs_revision/e6e8_eval__E6_extreme_peak_v1__shift_ood_peak
E6_extreme_peak_v1,shift_ood_peak,m2_data,78,0.3414501631548655,0.30441372580827875,0.27409289483869453,0.1992589816733177,21.87735939025879,200.0037384033203,10.967340713137963,7.7164179104477615,67,/root/autodl-tmp/repo/experiments/qtop_func/runs_revision/e6e8_eval__E6_extreme_peak_v1__shift_ood_peak
E6_extreme_peak_v1,shift_ood_peak,m2_score,78,0.34094021915985084,0.317327600528732,0.2860723095367415,0.19945729346324675,24.361412048339844,168.32740783691406,11.382086461707129,13.507462686567164,67,/root/autodl-tmp/repo/experiments/qtop_func/runs_revision/e6e8_eval__E6_extreme_peak_v1__shift_ood_peak
E6_extreme_peaktime_v1,iid_baseline,m1,29,0.5917541517839958,0.46062182622640746,0.45268825186599093,0.4028080176752561,39.456275939941406,81.6900863647461,23.94502502988671,15.28,25,/root/autodl-tmp/repo/experiments/qtop_func/runs_revision/e6e8_eval__E6_extreme_peaktime_v1__iid_baseline
E6_extreme_peaktime_v1,iid_baseline,m2_data,29,0.4486048549431818,0.3218874244448866,0.3133910776143723,0.24019442255757698,27.221479415893555,102.37486267089844,12.92338765013537,14.76,25,/root/autodl-tmp/repo/experiments/qtop_func/runs_revision/e6e8_eval__E6_extreme_peaktime_v1__iid_baseline
E6_extreme_peaktime_v1,iid_baseline,m2_score,29,0.49263370331522827,0.37119881895729057,0.34031977019519566,0.2648542334470936,23.691709518432617,101.52223205566406,14.178349075970381,16.0,25,/root/autodl-tmp/repo/experiments/qtop_func/runs_revision/e6e8_eval__E6_extreme_peaktime_v1__iid_baseline
E6_extreme_peaktime_v1,iid_baseline,fnn,29,0.28595979063580956,0.21387912911075405,0.16746395418881585,0.13158682338270905,24.876514434814453,168.29708862304688,6.086827880256104,3.44,25,/root/autodl-tmp/repo/experiments/qtop_func/runs_revision/e6e8_eval__E6_extreme_peaktime_v1__iid_baseline
E6_extreme_peaktime_v1,iid_baseline,fno,29,0.5616319500764371,0.5341078464473549,0.9553494650899693,0.4851512713551107,53.81139373779297,194.05923461914062,28.31984966034457,14.52,25,/root/autodl-tmp/repo/experiments/qtop_func/runs_revision/e6e8_eval__E6_extreme_peaktime_v1__iid_baseline
E6_extreme_peaktime_v1,ood_peak_baseline,m1,29,0.2891987595441799,0.23395585032861194,0.2188892716866013,0.14809723119705653,18.513675689697266,136.1400146484375,7.3135860469558605,12.44,25,/root/autodl-tmp/repo/experiments/qtop_func/runs_revision/e6e8_eval__E6_extreme_peaktime_v1__ood_peak_baseline
E6_extreme_peaktime_v1,ood_peak_baseline,m2_data,29,0.27153313886286096,0.2133113664445223,0.18643250428186356,0.12472114601693128,20.438961029052734,128.32318115234375,7.001591055696294,8.0,24,/root/autodl-tmp/repo/experiments/qtop_func/runs_revision/e6e8_eval__E6_extreme_peaktime_v1__ood_peak_baseline
E6_extreme_peaktime_v1,ood_peak_baseline,m2_score,29,0.27153313886286096,0.2133113664445223,0.18643250428186356,0.12472114601693128,20.438961029052734,128.32318115234375,7.001591055696294,8.0,24,/root/autodl-tmp/repo/experiments/qtop_func/runs_revision/e6e8_eval__E6_extreme_peaktime_v1__ood_peak_baseline
E6_extreme_peaktime_v1,ood_peaktime_baseline,m1,29,0.2833598160518436,0.25432202731169945,0.20933462784381923,0.1901892293665415,10.955607414245605,142.33670043945312,8.225800499145008,14.44,25,/root/autodl-tmp/repo/experiments/qtop_func/runs_revision/e6e8_eval__E6_extreme_peaktime_v1__ood_peaktime_baseline
E6_extreme_peaktime_v1,ood_peaktime_baseline,m2_data,29,0.27110657602412414,0.25018254363568404,0.18981698458924667,0.16025029209044223,12.535585403442383,144.32191467285156,7.563762634083568,12.52,25,/root/autodl-tmp/repo/experiments/qtop_func/runs_revision/e6e8_eval__E6_extreme_peaktime_v1__ood_peaktime_baseline
E6_extreme_peaktime_v1,ood_peaktime_baseline,m2_score,29,0.27110657602412414,0.25018254363568404,0.18981698458924667,0.16025029209044223,12.535585403442383,144.32191467285156,7.563762634083568,12.52,25,/root/autodl-tmp/repo/experiments/qtop_func/runs_revision/e6e8_eval__E6_extreme_peaktime_v1__ood_peaktime_baseline
E6_extreme_peaktime_v1,regshift_e0_iid_s42,m1,29,0.2326207805113576,0.20766596931416323,0.20926457769534232,0.16832915086136502,11.807784080505371,178.63099670410156,8.395552705732964,16.76,25,/root/autodl-tmp/repo/experiments/qtop_func/runs_revision/e6e8_eval__E6_extreme_peaktime_v1__regshift_e0_iid_s42
E6_extreme_peaktime_v1,regshift_e0_iid_s42,m2_data,29,0.23692663150392085,0.21666335555539956,0.17850246353222507,0.142313431741008,16.04007911682129,165.45533752441406,7.56883568425918,11.96,25,/root/autodl-tmp/repo/experiments/qtop_func/runs_revision/e6e8_eval__E6_extreme_peaktime_v1__regshift_e0_iid_s42
E6_extreme_peaktime_v1,regshift_e0_iid_s42,m2_score,29,0.24741798827844322,0.2195882357882648,0.18327677353806235,0.13410855596152155,13.767719268798828,162.38710021972656,7.529549578723989,9.68,25,/root/autodl-tmp/repo/experiments/qtop_func/runs_revision/e6e8_eval__E6_extreme_peaktime_v1__regshift_e0_iid_s42
E6_extreme_peaktime_v1,regshift_e0_ood_peak_s42,m1,29,0.24704411694548334,0.22166303491525544,0.17049056537836837,0.15069267447234322,15.626357078552246,136.1528778076172,7.342979744493591,14.16,25,/root/autodl-tmp/repo/experiments/qtop_func/runs_revision/e6e8_eval__E6_extreme_peaktime_v1__regshift_e0_ood_peak_s42
E6_extreme_peaktime_v1,regshift_e0_ood_peak_s42,m2_data,29,0.23725683171915135,0.20372535060023975,0.15504107651815313,0.12156907682303984,9.094315528869629,140.46890258789062,5.613114606093455,7.92,25,/root/autodl-tmp/repo/experiments/qtop_func/runs_revision/e6e8_eval__E6_extreme_peaktime_v1__regshift_e0_ood_peak_s42
E6_extreme_peaktime_v1,regshift_e0_ood_peak_s42,m2_score,29,0.23725683171915135,0.20372535060023975,0.15504107651815313,0.12156907682303984,9.094315528869629,140.46890258789062,5.613114606093455,7.92,25,/root/autodl-tmp/repo/experiments/qtop_func/runs_revision/e6e8_eval__E6_extreme_peaktime_v1__regshift_e0_ood_peak_s42
E6_extreme_peaktime_v1,regshift_e0_ood_peak_time_s42,m1,29,0.23283949790236927,0.20171930563887883,0.17258011307238577,0.14092290683022096,14.199943542480469,150.31927490234375,6.861202019169064,6.88,25,/root/autodl-tmp/repo/experiments/qtop_func/runs_revision/e6e8_eval__E6_extreme_peaktime_v1__regshift_e0_ood_peak_time_s42
E6_extreme_peaktime_v1,regshift_e0_ood_peak_time_s42,m2_data,29,0.2359454475088941,0.197941384902889,0.16613124230390722,0.1373016019672959,12.145462989807129,148.52508544921875,6.816431375800818,6.96,25,/root/autodl-tmp/repo/experiments/qtop_func/runs_revision/e6e8_eval__E6_extreme_peaktime_v1__regshift_e0_ood_peak_time_s42
E6_extreme_peaktime_v1,regshift_e0_ood_peak_time_s42,m2_score,29,0.2503208182562062,0.23259408083052502,0.19317899412853684,0.14440483483576044,9.18740177154541,110.39337921142578,7.065184190424547,16.32,25,/root/autodl-tmp/repo/experiments/qtop_func/runs_revision/e6e8_eval__E6_extreme_peaktime_v1__regshift_e0_ood_peak_time_s42
E6_extreme_peaktime_v1,regshift_e0_ood_peak_time_s42,m2_phase2_score,29,0.2503208182562062,0.23259408083052502,0.19317899412853684,0.14440483483576044,9.18740177154541,110.39337921142578,7.065184190424547,16.32,25,/root/autodl-tmp/repo/experiments/qtop_func/runs_revision/e6e8_eval__E6_extreme_peaktime_v1__regshift_e0_ood_peak_time_s42
E6_extreme_peaktime_v1,regshift_iid_s42,m1,29,0.1957740067077901,0.19210690119473403,0.14882933731370313,0.14120250974172516,8.327356338500977,152.63070678710938,6.893849626712795,6.92,25,/root/autodl-tmp/repo/experiments/qtop_func/runs_revision/e6e8_eval__E6_extreme_peaktime_v1__regshift_iid_s42
E6_extreme_peaktime_v1,regshift_iid_s42,m2_data,29,0.20327539427729066,0.19617736042067158,0.13849493885706515,0.11100538298999911,8.93139362335205,150.93553161621094,6.152779335894411,4.166666666666667,24,/root/autodl-tmp/repo/experiments/qtop_func/runs_revision/e6e8_eval__E6_extreme_peaktime_v1__regshift_iid_s42
E6_extreme_peaktime_v1,regshift_iid_s42,m2_score,29,0.21225750988656292,0.19167927744277322,0.1522644821335319,0.1459765927479674,8.833290100097656,150.1656951904297,6.986547597076207,5.36,25,/root/autodl-tmp/repo/experiments/qtop_func/runs_revision/e6e8_eval__E6_extreme_peaktime_v1__regshift_iid_s42
E6_extreme_peaktime_v1,regshift_ood_peak_s42,m1,29,0.25468439913436913,0.22556892618322852,0.16409415659116633,0.11804134220370069,16.7359619140625,152.73876953125,6.840398089686184,11.08,25,/root/autodl-tmp/repo/experiments/qtop_func/runs_revision/e6e8_eval__E6_extreme_peaktime_v1__regshift_ood_peak_s42
E6_extreme_peaktime_v1,regshift_ood_peak_s42,m2_data,29,0.25264966673138156,0.2206835522730296,0.1648287753670346,0.11181349614824267,18.637773513793945,162.25762939453125,6.3119654417895505,8.68,25,/root/autodl-tmp/repo/experiments/qtop_func/runs_revision/e6e8_eval__E6_extreme_peaktime_v1__regshift_ood_peak_s42
E6_extreme_peaktime_v1,regshift_ood_peak_s42,m2_score,29,0.25264966673138156,0.2206835522730296,0.1648287753670346,0.11181349614824267,18.637773513793945,162.25762939453125,6.3119654417895505,8.68,25,/root/autodl-tmp/repo/experiments/qtop_func/runs_revision/e6e8_eval__E6_extreme_peaktime_v1__regshift_ood_peak_s42
E6_extreme_peaktime_v1,regshift_ood_time_s42,m1,29,0.29299564003743583,0.25753946079903156,0.1906687398741329,0.16874199763120473,19.066654205322266,156.46046447753906,8.579984645055,11.12,25,/root/autodl-tmp/repo/experiments/qtop_func/runs_revision/e6e8_eval__E6_extreme_peaktime_v1__regshift_ood_time_s42
E6_extreme_peaktime_v1,regshift_ood_time_s42,m2_data,29,0.2901020870432628,0.2595960955723538,0.18267607540329298,0.16469796484703864,20.313549041748047,148.71559143066406,8.212521927988455,11.28,25,/root/autodl-tmp/repo/experiments/qtop_func/runs_revision/e6e8_eval__E6_extreme_peaktime_v1__regshift_ood_time_s42
E6_extreme_peaktime_v1,regshift_ood_time_s42,m2_score,29,0.2901020870432628,0.2595960955723538,0.18267607540329298,0.16469796484703864,20.313549041748047,148.71559143066406,8.212521927988455,11.28,25,/root/autodl-tmp/repo/experiments/qtop_func/runs_revision/e6e8_eval__E6_extreme_peaktime_v1__regshift_ood_time_s42
E6_extreme_peaktime_v1,shift_iid,m1,29,0.36869423499701026,0.32891207356812624,0.38360848174420925,0.32976055617471683,45.61115264892578,151.63075256347656,14.259447305400096,18.64,25,/root/autodl-tmp/repo/experiments/qtop_func/runs_revision/e6e8_eval__E6_extreme_peaktime_v1__shift_iid
E6_extreme_peaktime_v1,shift_iid,m2_data,29,0.2840417238569576,0.27400723971934565,0.21761198426982648,0.19725272297392885,13.124701499938965,170.6443634033203,7.753349051128166,17.2,25,/root/autodl-tmp/repo/experiments/qtop_func/runs_revision/e6e8_eval__E6_extreme_peaktime_v1__shift_iid
E6_extreme_peaktime_v1,shift_iid,m2_score,29,0.2857064696203791,0.2532133820069864,0.2177786323386504,0.1953988886335837,13.882750511169434,138.32449340820312,8.455502685502386,15.32,25,/root/autodl-tmp/repo/experiments/qtop_func/runs_revision/e6e8_eval__E6_extreme_peaktime_v1__shift_iid
E6_extreme_peaktime_v1,shift_ood_peak,m1,29,0.31765451083001595,0.296962030226235,0.31727689131400827,0.287826672334372,29.360633850097656,156.8606719970703,12.412060104673591,17.92,25,/root/autodl-tmp/repo/experiments/qtop_func/runs_revision/e6e8_eval__E6_extreme_peaktime_v1__shift_ood_peak
E6_extreme_peaktime_v1,shift_ood_peak,m2_data,29,0.295010191184533,0.23766865334959705,0.1877072131759528,0.15650455950644132,16.007991790771484,147.49560546875,8.447037211891567,10.125,24,/root/autodl-tmp/repo/experiments/qtop_func/runs_revision/e6e8_eval__E6_extreme_peaktime_v1__shift_ood_peak
E6_extreme_peaktime_v1,shift_ood_peak,m2_score,29,0.29361999652552506,0.2364376379653492,0.19393768663307734,0.16439436399779192,15.308266639709473,114.79331970214844,8.682427749593234,17.84,25,/root/autodl-tmp/repo/experiments/qtop_func/runs_revision/e6e8_eval__E6_extreme_peaktime_v1__shift_ood_peak
E8_joint_shift_v1,iid_baseline,m1,24,0.4102636688501755,0.39060204414317207,0.5735187841050262,0.31110916905932995,42.53400802612305,57.48640823364258,19.62401291739754,5.466666666666667,15,/root/autodl-tmp/repo/experiments/qtop_func/runs_revision/e6e8_eval__E8_joint_shift_v1__iid_baseline
E8_joint_shift_v1,iid_baseline,m2_data,24,0.32041323125124044,0.287005641219257,0.45975678169703693,0.16422573352961997,45.77241134643555,56.25197219848633,10.594984127962713,4.8,15,/root/autodl-tmp/repo/experiments/qtop_func/runs_revision/e6e8_eval__E8_joint_shift_v1__iid_baseline
E8_joint_shift_v1,iid_baseline,m2_score,24,0.3397177291619072,0.31514336110648355,0.43896405521943743,0.21180257641301403,41.41621780395508,53.2613639831543,12.392955053391235,6.666666666666667,15,/root/autodl-tmp/repo/experiments/qtop_func/runs_revision/e6e8_eval__E8_joint_shift_v1__iid_baseline
E8_joint_shift_v1,iid_baseline,fnn,24,0.3293086238469028,0.3227213924160154,0.4302138101394239,0.13835038087763935,57.08572769165039,52.597076416015625,12.385741464496064,1.2666666666666666,15,/root/autodl-tmp/repo/experiments/qtop_func/runs_revision/e6e8_eval__E8_joint_shift_v1__iid_baseline
E8_joint_shift_v1,iid_baseline,fno,24,0.5554621126038867,0.5287582985731524,1.468837037521017,0.6815336406520514,148.40916442871094,94.65584564208984,29.548956938332367,3.7333333333333334,15,/root/autodl-tmp/repo/experiments/qtop_func/runs_revision/e6e8_eval__E8_joint_shift_v1__iid_baseline
E8_joint_shift_v1,ood_peak_baseline,m1,24,0.3425308207946521,0.3146514634269365,0.481821059808247,0.17261113957445623,53.59199905395508,55.118896484375,12.868387706654005,2.8,15,/root/autodl-tmp/repo/experiments/qtop_func/runs_revision/e6e8_eval__E8_joint_shift_v1__ood_peak_baseline
E8_joint_shift_v1,ood_peak_baseline,m2_data,24,0.34391729897104,0.3075718478694207,0.41823193128535513,0.18541769128468813,52.79695510864258,53.37750244140625,11.485582612815845,2.2666666666666666,15,/root/autodl-tmp/repo/experiments/qtop_func/runs_revision/e6e8_eval__E8_joint_shift_v1__ood_peak_baseline
E8_joint_shift_v1,ood_peak_baseline,m2_score,24,0.34391729897104,0.3075718478694207,0.41823193128535513,0.18541769128468813,52.79695510864258,53.37750244140625,11.485582612815845,2.2666666666666666,15,/root/autodl-tmp/repo/experiments/qtop_func/runs_revision/e6e8_eval__E8_joint_shift_v1__ood_peak_baseline
E8_joint_shift_v1,ood_peaktime_baseline,m1,24,0.31478928669208545,0.29689260908147885,0.4102878911802558,0.20456318185539074,50.041133880615234,54.10887145996094,10.063416948173236,4.533333333333333,15,/root/autodl-tmp/repo/experiments/qtop_func/runs_revision/e6e8_eval__E8_joint_shift_v1__ood_peaktime_baseline
E8_joint_shift_v1,ood_peaktime_baseline,m2_data,24,0.31672350485345185,0.2906022618319777,0.36205043003644466,0.18378691808162245,53.439754486083984,53.45659255981445,9.15340856959124,4.2,15,/root/autodl-tmp/repo/experiments/qtop_func/runs_revision/e6e8_eval__E8_joint_shift_v1__ood_peaktime_baseline
E8_joint_shift_v1,ood_peaktime_baseline,m2_score,24,0.31672350485345185,0.2906022618319777,0.36205043003644466,0.18378691808162245,53.439754486083984,53.45659255981445,9.15340856959124,4.2,15,/root/autodl-tmp/repo/experiments/qtop_func/runs_revision/e6e8_eval__E8_joint_shift_v1__ood_peaktime_baseline
E8_joint_shift_v1,regshift_e0_iid_s42,m1,24,0.35213848541460546,0.28243242769872035,0.40452330988141966,0.20877463473441826,39.30366897583008,52.40290451049805,9.804416406173068,5.533333333333333,15,/root/autodl-tmp/repo/experiments/qtop_func/runs_revision/e6e8_eval__E8_joint_shift_v1__regshift_e0_iid_s42
E8_joint_shift_v1,regshift_e0_iid_s42,m2_data,24,0.3316140596820795,0.23918442238427418,0.39011600665933965,0.16885806469597175,34.21804428100586,50.05372619628906,8.917566637878048,2.6,15,/root/autodl-tmp/repo/experiments/qtop_func/runs_revision/e6e8_eval__E8_joint_shift_v1__regshift_e0_iid_s42
E8_joint_shift_v1,regshift_e0_iid_s42,m2_score,24,0.3145548541360604,0.2531860243992629,0.4143918832024216,0.18189933063828778,40.27969741821289,50.93441390991211,9.526849334763563,1.8666666666666667,15,/root/autodl-tmp/repo/experiments/qtop_func/runs_revision/e6e8_eval__E8_joint_shift_v1__regshift_e0_iid_s42
E8_joint_shift_v1,regshift_e0_ood_peak_s42,m1,24,0.31753878397144614,0.27319754906148525,0.3332391030369933,0.17635383162013246,53.17219543457031,51.493526458740234,8.719417701408254,4.066666666666666,15,/root/autodl-tmp/repo/experiments/qtop_func/runs_revision/e6e8_eval__E8_joint_shift_v1__regshift_e0_ood_peak_s42
E8_joint_shift_v1,regshift_e0_ood_peak_s42,m2_data,24,0.32028955676327436,0.28895135680208,0.37663305328394836,0.12547254071765424,49.68513107299805,51.64045715332031,8.83961640457749,3.2666666666666666,15,/root/autodl-tmp/repo/experiments/qtop_func/runs_revision/e6e8_eval__E8_joint_shift_v1__regshift_e0_ood_peak_s42
E8_joint_shift_v1,regshift_e0_ood_peak_s42,m2_score,24,0.32028955676327436,0.28895135680208,0.37663305328394836,0.12547254071765424,49.68513107299805,51.64045715332031,8.83961640457749,3.2666666666666666,15,/root/autodl-tmp/repo/experiments/qtop_func/runs_revision/e6e8_eval__E8_joint_shift_v1__regshift_e0_ood_peak_s42
E8_joint_shift_v1,regshift_e0_ood_peak_time_s42,m1,24,0.27828785299718045,0.26170216602368374,0.3104867189589478,0.1327396630494035,55.731204986572266,52.55817794799805,7.827578384932437,1.8,15,/root/autodl-tmp/repo/experiments/qtop_func/runs_revision/e6e8_eval__E8_joint_shift_v1__regshift_e0_ood_peak_time_s42
E8_joint_shift_v1,regshift_e0_ood_peak_time_s42,m2_data,24,0.2769061783934796,0.27008896184444775,0.3022338627797978,0.13068722113805323,53.12353515625,51.44865417480469,7.779990198611775,1.9333333333333333,15,/root/autodl-tmp/repo/experiments/qtop_func/runs_revision/e6e8_eval__E8_joint_shift_v1__regshift_e0_ood_peak_time_s42
E8_joint_shift_v1,regshift_e0_ood_peak_time_s42,m2_score,24,0.2795063274763869,0.27594422526626916,0.3389901103728725,0.12548703550044574,59.75714111328125,53.077178955078125,8.415816683162591,1.7333333333333334,15,/root/autodl-tmp/repo/experiments/qtop_func/runs_revision/e6e8_eval__E8_joint_shift_v1__regshift_e0_ood_peak_time_s42
E8_joint_shift_v1,regshift_e0_ood_peak_time_s42,m2_phase2_score,24,0.2795063274763869,0.27594422526626916,0.3389901103728725,0.12548703550044574,59.75714111328125,53.077178955078125,8.415816683162591,1.7333333333333334,15,/root/autodl-tmp/repo/experiments/qtop_func/runs_revision/e6e8_eval__E8_joint_shift_v1__regshift_e0_ood_peak_time_s42
E8_joint_shift_v1,regshift_iid_s42,m1,24,0.29013106223831414,0.26883834465941037,0.22262271191147087,0.1158743908717174,32.827571868896484,48.477386474609375,9.142774911952019,2.6,15,/root/autodl-tmp/repo/experiments/qtop_func/runs_revision/e6e8_eval__E8_joint_shift_v1__regshift_iid_s42
E8_joint_shift_v1,regshift_iid_s42,m2_data,24,0.2846520842720167,0.2653958922068618,0.21447739476525815,0.11215892319199064,31.37335205078125,47.63896179199219,8.801451519807785,1.9333333333333333,15,/root/autodl-tmp/repo/experiments/qtop_func/runs_revision/e6e8_eval__E8_joint_shift_v1__regshift_iid_s42
E8_joint_shift_v1,regshift_iid_s42,m2_score,24,0.2939758695605822,0.28199183206103295,0.2139724314697965,0.14646663879623448,32.58220291137695,48.59305953979492,8.30284926977888,2.1333333333333333,15,/root/autodl-tmp/repo/experiments/qtop_func/runs_revision/e6e8_eval__E8_joint_shift_v1__regshift_iid_s42
E8_joint_shift_v1,regshift_ood_peak_s42,m1,24,0.2946404908991986,0.25131402702006694,0.2960707194469377,0.14015573466330739,39.36503219604492,51.9481201171875,8.824129994482774,4.0,15,/root/autodl-tmp/repo/experiments/qtop_func/runs_revision/e6e8_eval__E8_joint_shift_v1__regshift_ood_peak_s42
E8_joint_shift_v1,regshift_ood_peak_s42,m2_data,24,0.29521431726343283,0.23414351542708206,0.3070398655844156,0.15606067590511574,42.47670364379883,51.3221549987793,8.65692950351908,2.7333333333333334,15,/root/autodl-tmp/repo/experiments/qtop_func/runs_revision/e6e8_eval__E8_joint_shift_v1__regshift_ood_peak_s42
E8_joint_shift_v1,regshift_ood_peak_s42,m2_score,24,0.29521431726343283,0.23414351542708206,0.3070398655844156,0.15606067590511574,42.47670364379883,51.3221549987793,8.65692950351908,2.7333333333333334,15,/root/autodl-tmp/repo/experiments/qtop_func/runs_revision/e6e8_eval__E8_joint_shift_v1__regshift_ood_peak_s42
E8_joint_shift_v1,regshift_ood_time_s42,m1,24,0.30945766230310395,0.24973093446354347,0.3381662655940489,0.1614156890296575,52.496734619140625,52.7639045715332,11.034103018868805,3.0,15,/root/autodl-tmp/repo/experiments/qtop_func/runs_revision/e6e8_eval__E8_joint_shift_v1__regshift_ood_time_s42
E8_joint_shift_v1,regshift_ood_time_s42,m2_data,24,0.3043772915197028,0.26810192140720146,0.29462779701603514,0.1599987459866286,48.01762008666992,51.58375549316406,9.698068023841463,2.4,15,/root/autodl-tmp/repo/experiments/qtop_func/runs_revision/e6e8_eval__E8_joint_shift_v1__regshift_ood_time_s42
E8_joint_shift_v1,regshift_ood_time_s42,m2_score,24,0.3043772915197028,0.26810192140720146,0.29462779701603514,0.1599987459866286,48.01762008666992,51.58375549316406,9.698068023841463,2.4,15,/root/autodl-tmp/repo/experiments/qtop_func/runs_revision/e6e8_eval__E8_joint_shift_v1__regshift_ood_time_s42
E8_joint_shift_v1,shift_iid,m1,24,0.42091061320148465,0.42749832842525753,0.4643027147440451,0.26080512580262805,53.41741943359375,55.23756790161133,17.16542809966897,7.866666666666666,15,/root/autodl-tmp/repo/experiments/qtop_func/runs_revision/e6e8_eval__E8_joint_shift_v1__shift_iid
E8_joint_shift_v1,shift_iid,m2_data,24,0.3707088695083976,0.3314556765170419,0.42979557055356343,0.21391311253408576,51.1933708190918,51.62229919433594,14.209424123628224,4.733333333333333,15,/root/autodl-tmp/repo/experiments/qtop_func/runs_revision/e6e8_eval__E8_joint_shift_v1__shift_iid
E8_joint_shift_v1,shift_iid,m2_score,24,0.35230287790980563,0.3296320737002612,0.41512036935541485,0.20578025806600497,45.99856185913086,50.20904541015625,13.372184898813353,3.466666666666667,15,/root/autodl-tmp/repo/experiments/qtop_func/runs_revision/e6e8_eval__E8_joint_shift_v1__shift_iid
E8_joint_shift_v1,shift_ood_peak,m1,24,0.38617213485033774,0.3274806384617942,0.5071575155799022,0.21476813815050314,48.298858642578125,53.405303955078125,14.630815493717265,6.4,15,/root/autodl-tmp/repo/experiments/qtop_func/runs_revision/e6e8_eval__E8_joint_shift_v1__shift_ood_peak
E8_joint_shift_v1,shift_ood_peak,m2_data,24,0.2924746339840731,0.2522466680460982,0.3621913017017319,0.20413515809361416,42.90732955932617,55.11940383911133,12.775595169020631,2.3333333333333335,15,/root/autodl-tmp/repo/experiments/qtop_func/runs_revision/e6e8_eval__E8_joint_shift_v1__shift_ood_peak
E8_joint_shift_v1,shift_ood_peak,m2_score,24,0.2847918219521804,0.23790025457920666,0.3548797895294858,0.1700920511171059,36.73148727416992,52.7039794921875,10.953554683756161,2.466666666666667,15,/root/autodl-tmp/repo/experiments/qtop_func/runs_revision/e6e8_eval__E8_joint_shift_v1__shift_ood_peak
