group,budget,scenario,run,model,seed,h_rel_l2_median,c_rel_l2_median,h_rel_l2_mean,c_rel_l2_mean,front_error_mean_cm,bt_mae_hours,stop_epoch,best_epoch,train_wallclock_min
E1_parity,high,iid,e1_deeponet_highbudget_iid_s123,m1,123,0.2374,0.0950,0.2482,0.1204,6.3304,4.2245,3000,1000,6.6968
E1_parity,high,iid,e1_deeponet_highbudget_iid_s123,m2_data,123,0.2388,0.0924,0.2519,0.1218,6.3233,6.6939,2100,1,5.2837
E1_parity,high,iid,e1_deeponet_highbudget_iid_s42,m1,42,0.2092,0.0715,0.2245,0.0983,4.9767,7.3265,3900,1900,10.7670
E1_parity,high,iid,e1_deeponet_highbudget_iid_s42,m2_data,42,0.1981,0.0602,0.2169,0.0900,4.8630,4.6735,2300,300,11.5848
E1_parity,high,iid,e1_deeponet_highbudget_iid_s456,m1,456,0.2215,0.0809,0.2288,0.1109,5.2066,7.4490,3600,1600,8.2439
E1_parity,high,iid,e1_deeponet_highbudget_iid_s456,m2_data,456,0.2035,0.0659,0.2133,0.0992,4.9461,5.9898,2100,100,5.2408
E1_parity,high,ood_peak,e1_deeponet_highbudget_ood_peak_s123,m1,123,0.2393,0.0901,0.2724,0.1495,6.5822,8.4308,2900,900,7.2633
E1_parity,high,ood_peak,e1_deeponet_highbudget_ood_peak_s123,m2_data,123,0.2271,0.0827,0.2712,0.1366,6.5064,6.5846,2200,200,6.3187
E1_parity,high,ood_peak,e1_deeponet_highbudget_ood_peak_s42,m1,42,0.2375,0.0928,0.2566,0.1323,5.7748,6.5846,3500,1500,8.7682
E1_parity,high,ood_peak,e1_deeponet_highbudget_ood_peak_s42,m2_data,42,0.2318,0.0667,0.2504,0.1170,5.4460,4.6000,2200,200,6.6251
E1_parity,high,ood_peak,e1_deeponet_highbudget_ood_peak_s456,m1,456,0.2346,0.0992,0.2709,0.1421,6.7335,7.2308,2900,900,7.5910
E1_parity,high,ood_peak,e1_deeponet_highbudget_ood_peak_s456,m2_data,456,0.2376,0.0908,0.2742,0.1378,7.2001,4.3231,2300,300,10.5752
E1_parity,high,ood_peak_time,e1_deeponet_highbudget_ood_peak_time_s123,m1,123,0.2009,0.0757,0.2161,0.1055,4.5863,9.2154,3700,1700,8.4566
E1_parity,high,ood_peak_time,e1_deeponet_highbudget_ood_peak_time_s123,m2_data,123,0.2070,0.0731,0.2065,0.1119,4.9125,4.9077,2200,200,5.7038
E1_parity,high,ood_peak_time,e1_deeponet_highbudget_ood_peak_time_s42,m1,42,0.2231,0.0767,0.2336,0.1068,5.0312,7.1538,3600,1600,9.4607
E1_parity,high,ood_peak_time,e1_deeponet_highbudget_ood_peak_time_s42,m2_data,42,0.2125,0.0683,0.2223,0.0929,4.4759,6.6308,2100,100,7.9537
E1_parity,high,ood_peak_time,e1_deeponet_highbudget_ood_peak_time_s456,m1,456,0.2136,0.0678,0.2377,0.1165,5.1445,4.8000,4000,2000,10.7348
E1_parity,high,ood_peak_time,e1_deeponet_highbudget_ood_peak_time_s456,m2_data,456,0.2066,0.0676,0.2312,0.1127,4.5663,5.1692,2200,200,11.3242
E1_parity,high,iid,e1_fnn_highbudget_iid_s123,fnn,123,0.2155,0.1004,0.2601,0.1507,6.6826,3.1939,4200,2200,24.8012
E1_parity,high,iid,e1_fnn_highbudget_iid_s42,fnn,42,0.2381,0.1016,0.2539,0.1540,6.4250,2.9592,4300,2300,26.4308
E1_parity,high,iid,e1_fnn_highbudget_iid_s456,fnn,456,0.2108,0.1030,0.2484,0.1490,6.3805,3.0408,4700,2700,29.5998
E1_parity,high,ood_peak,e1_fnn_highbudget_ood_peak_s123,fnn,123,0.2067,0.1201,0.2761,0.1743,8.4281,2.6250,4800,2800,15.6190
E1_parity,high,ood_peak,e1_fnn_highbudget_ood_peak_s42,fnn,42,0.2085,0.1009,0.2513,0.1631,7.4069,2.7385,4600,2600,20.4634
E1_parity,high,ood_peak,e1_fnn_highbudget_ood_peak_s456,fnn,456,0.2174,0.1039,0.2568,0.1600,7.3966,2.0923,5000,3700,27.6842
E1_parity,high,ood_peak_time,e1_fnn_highbudget_ood_peak_time_s123,fnn,123,0.2202,0.1109,0.2551,0.1688,6.8134,2.6923,3100,1100,19.0251
E1_parity,high,ood_peak_time,e1_fnn_highbudget_ood_peak_time_s42,fnn,42,0.2230,0.1077,0.2541,0.1728,6.8021,2.7692,4600,2600,28.0897
E1_parity,high,ood_peak_time,e1_fnn_highbudget_ood_peak_time_s456,fnn,456,0.2342,0.1013,0.2570,0.1708,6.9993,3.3538,3700,1700,23.3443
E1_parity,low,iid,e1_regshift_lowbudget_iid_s123,m1,123,0.3532,0.1700,0.3717,0.1977,9.5758,9.6020,1400,600,9.4511
E1_parity,low,iid,e1_regshift_lowbudget_iid_s123,m2_data,123,0.2105,0.0656,0.2274,0.0985,4.5926,5.8367,1500,700,28.2041
E1_parity,low,iid,e1_regshift_lowbudget_iid_s42,m1,42,0.3720,0.2114,0.4096,0.2563,10.2950,12.0000,1300,500,8.7627
E1_parity,low,iid,e1_regshift_lowbudget_iid_s42,m2_data,42,0.2117,0.0740,0.2224,0.1004,4.5023,5.6122,1500,700,28.2044
E1_parity,low,iid,e1_regshift_lowbudget_iid_s456,m1,456,0.3876,0.2390,0.4032,0.2832,16.5542,13.6939,1300,500,8.7696
E1_parity,low,iid,e1_regshift_lowbudget_iid_s456,m2_data,456,0.2281,0.0908,0.2360,0.1183,4.8665,10.1531,,,
E1_parity,low,ood_peak,e1_regshift_lowbudget_ood_peak_s123,m1,123,0.3900,0.1987,0.4327,0.2342,9.3034,11.8000,1300,500,9.0588
E1_parity,low,ood_peak,e1_regshift_lowbudget_ood_peak_s123,m2_data,123,0.1941,0.0756,0.2270,0.0973,4.4971,7.0615,1500,700,28.9542
E1_parity,low,ood_peak,e1_regshift_lowbudget_ood_peak_s42,m1,42,0.3952,0.2433,0.4165,0.3075,8.4788,12.5077,1300,500,9.0228
E1_parity,low,ood_peak,e1_regshift_lowbudget_ood_peak_s42,m2_data,42,0.1983,0.0705,0.2233,0.0904,4.2583,6.5692,1500,700,28.9518
E1_parity,low,ood_peak,e1_regshift_lowbudget_ood_peak_s456,m1,456,0.3593,0.1405,0.3759,0.1756,8.3377,8.4462,2000,2000,13.8789
E1_parity,low,ood_peak,e1_regshift_lowbudget_ood_peak_s456,m2_data,456,0.2474,0.0841,0.2617,0.1183,5.6276,5.8000,1300,500,22.3685
E1_parity,low,ood_peak_time,e1_regshift_lowbudget_ood_peak_time_s123,m1,123,0.3767,0.1870,0.4114,0.2790,11.7707,9.8769,1300,500,8.8011
E1_parity,low,ood_peak_time,e1_regshift_lowbudget_ood_peak_time_s123,m2_data,123,0.2125,0.0869,0.2490,0.1335,5.5854,10.4615,1200,400,18.6529
E1_parity,low,ood_peak_time,e1_regshift_lowbudget_ood_peak_time_s42,m1,42,0.3500,0.1793,0.3803,0.2666,11.9289,14.3692,1400,600,9.4785
E1_parity,low,ood_peak_time,e1_regshift_lowbudget_ood_peak_time_s42,m2_data,42,0.1836,0.0774,0.2087,0.1122,4.2869,7.0615,1500,700,28.3253
E1_parity,low,ood_peak_time,e1_regshift_lowbudget_ood_peak_time_s456,m1,456,0.2688,0.1305,0.2910,0.2006,9.1637,13.3538,1400,600,9.4653
E1_parity,low,ood_peak_time,e1_regshift_lowbudget_ood_peak_time_s456,m2_data,456,0.1758,0.0696,0.2023,0.1035,4.6545,6.0000,1400,600,25.0658
E1_parity,high,iid,e1_shift_highbudget_iid_s123,m1,123,0.2619,0.1311,0.2771,0.1715,9.7119,8.1224,2700,700,18.1881
E1_parity,high,iid,e1_shift_highbudget_iid_s123,m2_data,123,0.1955,0.0738,0.2115,0.0953,4.5192,3.0510,3700,1700,68.6847
E1_parity,high,iid,e1_shift_highbudget_iid_s42,m1,42,0.1634,0.0572,0.1885,0.0873,3.6857,2.9898,5000,3500,33.2738
E1_parity,high,iid,e1_shift_highbudget_iid_s42,m2_data,42,0.1580,0.0583,0.1852,0.0807,3.7550,2.7857,2100,1,17.3303
E1_parity,high,iid,e1_shift_highbudget_iid_s456,m1,456,0.1490,0.0529,0.1837,0.0749,3.4013,2.6939,5000,3200,33.4717
E1_parity,high,iid,e1_shift_highbudget_iid_s456,m2_data,456,0.1477,0.0514,0.1791,0.0671,2.9479,2.3673,2100,100,17.1933
E1_parity,high,ood_peak,e1_shift_highbudget_ood_peak_s123,m1,123,0.2854,0.1331,0.3129,0.1493,7.4677,11.8308,2700,700,18.5142
E1_parity,high,ood_peak,e1_shift_highbudget_ood_peak_s123,m2_data,123,0.2243,0.0855,0.2450,0.1067,5.6467,6.1077,2800,800,40.6057
E1_parity,high,ood_peak,e1_shift_highbudget_ood_peak_s42,m1,42,0.1700,0.0693,0.2004,0.0760,3.7164,2.5231,4200,2200,28.7589
E1_parity,high,ood_peak,e1_shift_highbudget_ood_peak_s42,m2_data,42,0.1573,0.0610,0.1873,0.0716,3.8629,2.8000,2100,100,17.9247
E1_parity,high,ood_peak,e1_shift_highbudget_ood_peak_s456,m1,456,0.1550,0.0609,0.1967,0.0738,3.8714,2.6615,5000,3300,34.2247
E1_parity,high,ood_peak,e1_shift_highbudget_ood_peak_s456,m2_data,456,0.1529,0.0630,0.1985,0.0771,4.1306,2.3846,2100,1,17.6804
E1_parity,high,ood_peak_time,e1_shift_highbudget_ood_peak_time_s123,m1,123,0.3009,0.1532,0.3540,0.2283,9.7103,11.1077,2600,600,10.4040
E1_parity,high,ood_peak_time,e1_shift_highbudget_ood_peak_time_s123,m2_data,123,0.2188,0.0929,0.2837,0.1266,6.1498,5.4769,3800,1800,51.6375
E1_parity,high,ood_peak_time,e1_shift_highbudget_ood_peak_time_s42,m1,42,0.1841,0.0697,0.2229,0.0926,4.1256,4.1385,5000,3300,20.0361
E1_parity,high,ood_peak_time,e1_shift_highbudget_ood_peak_time_s42,m2_data,42,0.1814,0.0706,0.2241,0.0956,4.2712,3.7231,3500,1500,44.6208
E1_parity,high,ood_peak_time,e1_shift_highbudget_ood_peak_time_s456,m1,456,0.1672,0.0653,0.2006,0.0898,3.7781,2.5692,4700,2700,23.3052
E1_parity,high,ood_peak_time,e1_shift_highbudget_ood_peak_time_s456,m2_data,456,0.1501,0.0624,0.1950,0.0863,3.5909,3.2154,2100,1,14.0998
orig_regshift,high,iid,g4_regshift_iid_s42,m2_data,42,0.1497,0.0523,0.1802,0.0732,3.4410,2.1224,2100,1,24.0876
orig_regshift,high,iid,g4_regshift_iid_s123,m2_data,123,0.1778,0.0664,0.2057,0.0949,4.8329,2.6633,2100,1,23.6277
orig_regshift,high,iid,g4_regshift_iid_s456,m2_data,456,0.1418,0.0640,0.1678,0.0785,3.8221,5.7245,2100,1,23.0951
orig_regshift,high,ood_peak,g4_regshift_ood_peak_s42,m2_data,42,0.2068,0.0805,0.2467,0.1084,4.8814,4.7385,2100,1,23.2128
orig_regshift,high,ood_peak,g4_regshift_ood_peak_s123,m2_data,123,0.1491,0.0656,0.1996,0.0944,4.4896,1.9231,2100,1,23.7667
orig_regshift,high,ood_peak,g4_regshift_ood_peak_s456,m2_data,456,0.1488,0.0570,0.1814,0.0756,3.7511,1.5385,2100,1,23.5964
orig_regshift,high,ood_peak_time,g4_regshift_ood_time_s42,m1,42,0.1785,0.0845,0.2279,0.1134,5.6190,3.9538,4400,2400,37.0109
orig_regshift,high,ood_peak_time,g4_regshift_ood_time_s42,m2_data,42,0.1761,0.0821,0.2184,0.0974,4.6876,3.7077,2100,1,23.1602
orig_regshift,high,ood_peak_time,g4_regshift_ood_time_s123,m1,123,0.1247,0.0640,0.1802,0.0885,3.8724,1.9692,5000,3800,41.9189
orig_regshift,high,ood_peak_time,g4_regshift_ood_time_s123,m2_data,123,0.1312,0.0624,0.1794,0.0860,3.7951,1.9538,2100,1,23.2062
orig_regshift,high,ood_peak_time,g4_regshift_ood_time_s456,m1,456,0.1764,0.0650,0.1992,0.0889,3.7742,3.3077,5000,3800,42.3422
orig_regshift,high,ood_peak_time,g4_regshift_ood_time_s456,m2_data,456,0.1674,0.0637,0.1994,0.0911,3.8916,3.5692,2100,1,23.2871
regshift_high_fixed,high,iid,e0_regshift_fixed_iid_s123,m1,123,0.1917,0.0710,0.2156,0.0994,4.1311,4.1327,4000,2000,26.9109
regshift_high_fixed,high,iid,e0_regshift_fixed_iid_s123,m2_data,123,0.1825,0.0598,0.2072,0.0872,4.1611,3.3878,2100,100,17.4105
regshift_high_fixed,high,iid,e0_regshift_fixed_iid_s42,m1,42,0.2195,0.0957,0.2276,0.1124,5.0148,9.5612,4000,2000,31.8087
regshift_high_fixed,high,iid,e0_regshift_fixed_iid_s42,m2_data,42,0.1965,0.0610,0.2058,0.0851,4.3494,5.1939,2400,400,27.0907
regshift_high_fixed,high,iid,e0_regshift_fixed_iid_s456,m1,456,0.2122,0.0744,0.2204,0.1060,4.6871,3.1429,4700,2700,31.3967
regshift_high_fixed,high,iid,e0_regshift_fixed_iid_s456,m2_data,456,0.1906,0.0642,0.2170,0.1006,4.3461,4.5510,2300,300,23.8752
regshift_high_fixed,high,ood_peak,e0_regshift_fixed_ood_peak_s123,m1,123,0.2235,0.0790,0.2458,0.1168,5.0514,4.8000,4000,2000,27.5410
regshift_high_fixed,high,ood_peak,e0_regshift_fixed_ood_peak_s123,m2_data,123,0.2436,0.0788,0.2559,0.1146,5.2878,4.2462,2100,1,17.8350
regshift_high_fixed,high,ood_peak,e0_regshift_fixed_ood_peak_s42,m1,42,0.2387,0.0940,0.2550,0.1114,5.7083,7.2769,3900,1900,26.8493
regshift_high_fixed,high,ood_peak,e0_regshift_fixed_ood_peak_s42,m2_data,42,0.1967,0.0726,0.2265,0.0981,4.8882,7.6615,2300,300,24.5593
regshift_high_fixed,high,ood_peak,e0_regshift_fixed_ood_peak_s456,m1,456,0.2071,0.0674,0.2243,0.0899,4.7282,4.3077,4600,2600,31.8321
regshift_high_fixed,high,ood_peak,e0_regshift_fixed_ood_peak_s456,m2_data,456,0.2060,0.0628,0.2182,0.0817,4.0514,3.8615,2100,100,18.0188
regshift_high_fixed,high,ood_peak_time,e0_regshift_fixed_ood_peak_time_s123,m1,123,0.2002,0.0754,0.2159,0.1035,4.6518,5.6462,5000,3100,33.5566
regshift_high_fixed,high,ood_peak_time,e0_regshift_fixed_ood_peak_time_s123,m2_data,123,0.2053,0.0751,0.2156,0.1053,4.3369,6.5538,2100,100,17.5135
regshift_high_fixed,high,ood_peak_time,e0_regshift_fixed_ood_peak_time_s42,m1,42,0.1747,0.0614,0.1852,0.0968,4.1088,3.0154,5000,3100,33.5756
regshift_high_fixed,high,ood_peak_time,e0_regshift_fixed_ood_peak_time_s42,m2_data,42,0.1783,0.0581,0.1797,0.0875,3.7744,3.1562,2100,1,17.5152
regshift_high_fixed,high,ood_peak_time,e0_regshift_fixed_ood_peak_time_s456,m1,456,0.2089,0.0703,0.2110,0.1093,4.6778,4.5538,4800,2800,32.2441
regshift_high_fixed,high,ood_peak_time,e0_regshift_fixed_ood_peak_time_s456,m2_data,456,0.2015,0.0744,0.2070,0.1040,4.8959,4.9692,2100,100,17.5091
orig_baseline,low,iid,seed_42,m1,42,0.3556,0.1652,0.3729,0.1994,12.3856,9.7755,1300,500,3.6753
orig_baseline,low,iid,seed_42,m2_data,42,0.2351,0.0783,0.2388,0.1111,5.5987,8.8571,1400,600,4.5752
orig_baseline,low,iid,seed_42,m2_score,42,0.2532,0.0957,0.2580,0.1229,6.5410,10.5714,1400,600,4.5752
orig_baseline,low,iid,seed_43,m1,43,0.3297,0.1580,0.3466,0.1973,10.2460,9.8163,1300,500,3.1808
orig_baseline,low,iid,seed_43,m2_data,43,0.2361,0.0765,0.2451,0.1081,5.3399,6.9082,1100,300,3.1162
orig_baseline,low,iid,seed_43,m2_score,43,0.2361,0.0765,0.2451,0.1081,5.3399,6.9082,1100,300,3.1162
orig_baseline,low,iid,seed_44,m1,44,0.3141,0.1387,0.3225,0.1768,8.2622,12.5000,1300,500,3.1751
orig_baseline,low,iid,seed_44,m2_data,44,0.2417,0.0814,0.2447,0.1123,5.0146,6.2653,1100,300,3.0848
orig_baseline,low,iid,seed_44,m2_score,44,0.2417,0.0814,0.2447,0.1123,5.0146,6.2653,1100,300,3.0848
orig_baseline,low,ood_peak,seed_42,m1,42,0.4026,0.2617,0.4298,0.3004,9.9185,12.8462,1200,400,3.5467
orig_baseline,low,ood_peak,seed_42,m2_data,42,0.2550,0.0959,0.2779,0.1256,5.5253,6.3231,1300,500,4.4567
orig_baseline,low,ood_peak,seed_42,m2_score,42,0.2629,0.1124,0.2828,0.1292,6.4862,7.6462,1300,500,4.4567
orig_baseline,low,ood_peak,seed_43,m1,43,0.3376,0.1742,0.3570,0.1993,11.2307,10.9692,1300,500,3.6809
orig_baseline,low,ood_peak,seed_43,m2_data,43,0.2556,0.0763,0.2718,0.1166,5.5156,4.7385,1500,700,4.9204
orig_baseline,low,ood_peak,seed_43,m2_score,43,0.2609,0.0986,0.2855,0.1411,6.1273,9.7692,1500,700,4.9204
orig_baseline,low,ood_peak,seed_44,m1,44,0.2492,0.0845,0.2535,0.1134,5.5136,8.5846,2000,1900,4.8006
orig_baseline,low,ood_peak,seed_44,m2_data,44,0.2353,0.0825,0.2389,0.1111,5.6284,7.5077,900,100,2.3815
orig_baseline,low,ood_peak,seed_44,m2_score,44,0.2353,0.0825,0.2389,0.1111,5.6284,7.5077,900,100,2.3815
orig_baseline,low,ood_peak_time,seed_42,m1,42,0.3210,0.1369,0.3305,0.2026,9.0735,13.8923,1300,500,3.3818
orig_baseline,low,ood_peak_time,seed_42,m2_data,42,0.2315,0.0794,0.2536,0.1205,5.1141,5.6769,1200,400,3.6018
orig_baseline,low,ood_peak_time,seed_42,grid_fnn,42,0.2674,0.1235,0.3213,0.2082,8.4327,4.9385,,,
orig_baseline,low,ood_peak_time,seed_43,m1,43,0.3060,0.1364,0.3235,0.2012,9.7372,8.3692,1300,500,3.3973
orig_baseline,low,ood_peak_time,seed_43,m2_data,43,0.2321,0.0805,0.2490,0.1320,5.0891,7.6769,1100,300,3.2391
orig_baseline,low,ood_peak_time,seed_43,grid_fnn,43,0.2765,0.1497,0.3128,0.2174,8.7408,5.9692,,,
orig_baseline,low,ood_peak_time,seed_44,m1,44,0.2281,0.1040,0.2422,0.1677,6.4791,5.1077,2000,1900,21.1731
orig_baseline,low,ood_peak_time,seed_44,m2_data,44,0.1936,0.0650,0.2096,0.1043,4.4829,6.0615,900,100,10.3073
orig_baseline,low,ood_peak_time,seed_44,grid_fnn,44,0.2967,0.1338,0.3338,0.2253,9.0987,5.6923,,,
orig_baseline,low,iid,fnn_baseline_iid_v1,fnn,,0.2049,0.0947,0.2480,0.1438,5.8982,2.6327,,,
orig_baseline,low,ood_peak,fnn_baseline_ood_peak_v1,fnn,,0.2158,0.0991,0.2402,0.1529,7.2109,2.1111,,,
orig_baseline,low,iid,boost_A4_iid,m1,,0.2422,0.1277,0.2668,0.1619,9.5414,10.2449,1400,600,11.6698
orig_baseline,low,iid,boost_A4_iid,m2_data,,0.1695,0.0811,0.1884,0.1052,5.7778,5.2653,1500,700,56.1918
orig_baseline,low,ood_peak,boost_A4_ood,m1,,0.2673,0.1468,0.3002,0.1811,7.6492,8.3385,1400,600,12.0269
orig_baseline,low,ood_peak,boost_A4_ood,m2_data,,0.1739,0.0608,0.1968,0.0769,3.9646,3.1719,1500,700,57.8771
