run_key,scenario,family,axis,bin,n_samples
iid_baseline,iid,deeponet_baseline,q_top_peak,p00_p90,96
iid_baseline,iid,deeponet_baseline,q_top_peak,p90_p95,9
iid_baseline,iid,deeponet_baseline,q_top_peak,p95_p98,4
iid_baseline,iid,deeponet_baseline,q_top_peak,p98_p100,3
iid_baseline,iid,deeponet_baseline,q_top_peak_time,p00_p90,83
iid_baseline,iid,deeponet_baseline,q_top_peak_time,p90_p95,0
iid_baseline,iid,deeponet_baseline,q_top_peak_time,p95_p98,0
iid_baseline,iid,deeponet_baseline,q_top_peak_time,p98_p100,29
ood_peak_baseline,ood_peak,deeponet_baseline,q_top_peak,p00_p90,0
ood_peak_baseline,ood_peak,deeponet_baseline,q_top_peak,p90_p95,36
ood_peak_baseline,ood_peak,deeponet_baseline,q_top_peak,p95_p98,25
ood_peak_baseline,ood_peak,deeponet_baseline,q_top_peak,p98_p100,14
ood_peak_baseline,ood_peak,deeponet_baseline,q_top_peak_time,p00_p90,53
ood_peak_baseline,ood_peak,deeponet_baseline,q_top_peak_time,p90_p95,0
ood_peak_baseline,ood_peak,deeponet_baseline,q_top_peak_time,p95_p98,0
ood_peak_baseline,ood_peak,deeponet_baseline,q_top_peak_time,p98_p100,22
ood_peaktime_baseline,ood_peak_time,deeponet_baseline,q_top_peak,p00_p90,68
ood_peaktime_baseline,ood_peak_time,deeponet_baseline,q_top_peak,p90_p95,2
ood_peaktime_baseline,ood_peak_time,deeponet_baseline,q_top_peak,p95_p98,4
ood_peaktime_baseline,ood_peak_time,deeponet_baseline,q_top_peak,p98_p100,2
ood_peaktime_baseline,ood_peak_time,deeponet_baseline,q_top_peak_time,p00_p90,0
ood_peaktime_baseline,ood_peak_time,deeponet_baseline,q_top_peak_time,p90_p95,0
ood_peaktime_baseline,ood_peak_time,deeponet_baseline,q_top_peak_time,p95_p98,0
ood_peaktime_baseline,ood_peak_time,deeponet_baseline,q_top_peak_time,p98_p100,76
shift_iid,iid,shift_unbounded,q_top_peak,p00_p90,96
shift_iid,iid,shift_unbounded,q_top_peak,p90_p95,9
shift_iid,iid,shift_unbounded,q_top_peak,p95_p98,4
shift_iid,iid,shift_unbounded,q_top_peak,p98_p100,3
shift_iid,iid,shift_unbounded,q_top_peak_time,p00_p90,83
shift_iid,iid,shift_unbounded,q_top_peak_time,p90_p95,0
shift_iid,iid,shift_unbounded,q_top_peak_time,p95_p98,0
shift_iid,iid,shift_unbounded,q_top_peak_time,p98_p100,29
shift_ood_peak,ood_peak,shift_unbounded,q_top_peak,p00_p90,0
shift_ood_peak,ood_peak,shift_unbounded,q_top_peak,p90_p95,36
shift_ood_peak,ood_peak,shift_unbounded,q_top_peak,p95_p98,25
shift_ood_peak,ood_peak,shift_unbounded,q_top_peak,p98_p100,14
shift_ood_peak,ood_peak,shift_unbounded,q_top_peak_time,p00_p90,53
shift_ood_peak,ood_peak,shift_unbounded,q_top_peak_time,p90_p95,0
shift_ood_peak,ood_peak,shift_unbounded,q_top_peak_time,p95_p98,0
shift_ood_peak,ood_peak,shift_unbounded,q_top_peak_time,p98_p100,22
regshift_iid_s42,iid,regshift_bounded,q_top_peak,p00_p90,96
regshift_iid_s42,iid,regshift_bounded,q_top_peak,p90_p95,9
regshift_iid_s42,iid,regshift_bounded,q_top_peak,p95_p98,4
regshift_iid_s42,iid,regshift_bounded,q_top_peak,p98_p100,3
regshift_iid_s42,iid,regshift_bounded,q_top_peak_time,p00_p90,83
regshift_iid_s42,iid,regshift_bounded,q_top_peak_time,p90_p95,0
regshift_iid_s42,iid,regshift_bounded,q_top_peak_time,p95_p98,0
regshift_iid_s42,iid,regshift_bounded,q_top_peak_time,p98_p100,29
regshift_iid_s123,iid,regshift_bounded,q_top_peak,p00_p90,96
regshift_iid_s123,iid,regshift_bounded,q_top_peak,p90_p95,9
regshift_iid_s123,iid,regshift_bounded,q_top_peak,p95_p98,4
regshift_iid_s123,iid,regshift_bounded,q_top_peak,p98_p100,3
regshift_iid_s123,iid,regshift_bounded,q_top_peak_time,p00_p90,83
regshift_iid_s123,iid,regshift_bounded,q_top_peak_time,p90_p95,0
regshift_iid_s123,iid,regshift_bounded,q_top_peak_time,p95_p98,0
regshift_iid_s123,iid,regshift_bounded,q_top_peak_time,p98_p100,29
regshift_iid_s456,iid,regshift_bounded,q_top_peak,p00_p90,96
regshift_iid_s456,iid,regshift_bounded,q_top_peak,p90_p95,9
regshift_iid_s456,iid,regshift_bounded,q_top_peak,p95_p98,4
regshift_iid_s456,iid,regshift_bounded,q_top_peak,p98_p100,3
regshift_iid_s456,iid,regshift_bounded,q_top_peak_time,p00_p90,83
regshift_iid_s456,iid,regshift_bounded,q_top_peak_time,p90_p95,0
regshift_iid_s456,iid,regshift_bounded,q_top_peak_time,p95_p98,0
regshift_iid_s456,iid,regshift_bounded,q_top_peak_time,p98_p100,29
regshift_ood_peak_s42,ood_peak,regshift_bounded,q_top_peak,p00_p90,0
regshift_ood_peak_s42,ood_peak,regshift_bounded,q_top_peak,p90_p95,36
regshift_ood_peak_s42,ood_peak,regshift_bounded,q_top_peak,p95_p98,25
regshift_ood_peak_s42,ood_peak,regshift_bounded,q_top_peak,p98_p100,14
regshift_ood_peak_s42,ood_peak,regshift_bounded,q_top_peak_time,p00_p90,53
regshift_ood_peak_s42,ood_peak,regshift_bounded,q_top_peak_time,p90_p95,0
regshift_ood_peak_s42,ood_peak,regshift_bounded,q_top_peak_time,p95_p98,0
regshift_ood_peak_s42,ood_peak,regshift_bounded,q_top_peak_time,p98_p100,22
regshift_ood_peak_s123,ood_peak,regshift_bounded,q_top_peak,p00_p90,0
regshift_ood_peak_s123,ood_peak,regshift_bounded,q_top_peak,p90_p95,36
regshift_ood_peak_s123,ood_peak,regshift_bounded,q_top_peak,p95_p98,25
regshift_ood_peak_s123,ood_peak,regshift_bounded,q_top_peak,p98_p100,14
regshift_ood_peak_s123,ood_peak,regshift_bounded,q_top_peak_time,p00_p90,53
regshift_ood_peak_s123,ood_peak,regshift_bounded,q_top_peak_time,p90_p95,0
regshift_ood_peak_s123,ood_peak,regshift_bounded,q_top_peak_time,p95_p98,0
regshift_ood_peak_s123,ood_peak,regshift_bounded,q_top_peak_time,p98_p100,22
regshift_ood_peak_s456,ood_peak,regshift_bounded,q_top_peak,p00_p90,0
regshift_ood_peak_s456,ood_peak,regshift_bounded,q_top_peak,p90_p95,36
regshift_ood_peak_s456,ood_peak,regshift_bounded,q_top_peak,p95_p98,25
regshift_ood_peak_s456,ood_peak,regshift_bounded,q_top_peak,p98_p100,14
regshift_ood_peak_s456,ood_peak,regshift_bounded,q_top_peak_time,p00_p90,53
regshift_ood_peak_s456,ood_peak,regshift_bounded,q_top_peak_time,p90_p95,0
regshift_ood_peak_s456,ood_peak,regshift_bounded,q_top_peak_time,p95_p98,0
regshift_ood_peak_s456,ood_peak,regshift_bounded,q_top_peak_time,p98_p100,22
regshift_ood_time_s42,ood_peak_time,regshift_bounded,q_top_peak,p00_p90,68
regshift_ood_time_s42,ood_peak_time,regshift_bounded,q_top_peak,p90_p95,2
regshift_ood_time_s42,ood_peak_time,regshift_bounded,q_top_peak,p95_p98,4
regshift_ood_time_s42,ood_peak_time,regshift_bounded,q_top_peak,p98_p100,2
regshift_ood_time_s42,ood_peak_time,regshift_bounded,q_top_peak_time,p00_p90,0
regshift_ood_time_s42,ood_peak_time,regshift_bounded,q_top_peak_time,p90_p95,0
regshift_ood_time_s42,ood_peak_time,regshift_bounded,q_top_peak_time,p95_p98,0
regshift_ood_time_s42,ood_peak_time,regshift_bounded,q_top_peak_time,p98_p100,76
regshift_ood_time_s123,ood_peak_time,regshift_bounded,q_top_peak,p00_p90,68
regshift_ood_time_s123,ood_peak_time,regshift_bounded,q_top_peak,p90_p95,2
regshift_ood_time_s123,ood_peak_time,regshift_bounded,q_top_peak,p95_p98,4
regshift_ood_time_s123,ood_peak_time,regshift_bounded,q_top_peak,p98_p100,2
regshift_ood_time_s123,ood_peak_time,regshift_bounded,q_top_peak_time,p00_p90,0
regshift_ood_time_s123,ood_peak_time,regshift_bounded,q_top_peak_time,p90_p95,0
regshift_ood_time_s123,ood_peak_time,regshift_bounded,q_top_peak_time,p95_p98,0
regshift_ood_time_s123,ood_peak_time,regshift_bounded,q_top_peak_time,p98_p100,76
regshift_ood_time_s456,ood_peak_time,regshift_bounded,q_top_peak,p00_p90,68
regshift_ood_time_s456,ood_peak_time,regshift_bounded,q_top_peak,p90_p95,2
regshift_ood_time_s456,ood_peak_time,regshift_bounded,q_top_peak,p95_p98,4
regshift_ood_time_s456,ood_peak_time,regshift_bounded,q_top_peak,p98_p100,2
regshift_ood_time_s456,ood_peak_time,regshift_bounded,q_top_peak_time,p00_p90,0
regshift_ood_time_s456,ood_peak_time,regshift_bounded,q_top_peak_time,p90_p95,0
regshift_ood_time_s456,ood_peak_time,regshift_bounded,q_top_peak_time,p95_p98,0
regshift_ood_time_s456,ood_peak_time,regshift_bounded,q_top_peak_time,p98_p100,76
