run_key,scenario,family,model,axis,bin,n,rel_l2_h_mean,rel_l2_h_median,rel_l2_c_mean,rel_l2_c_median,bt_mae_hours,n_bt
e6e8_eval__E6_extreme_peak_v1__iid_baseline,iid,deeponet_baseline,fnn,q_top_peak,peak_5.5,29,0.308422675165715,0.24090464848606274,0.20246707523425012,0.15605814679096489,2.8,25
e6e8_eval__E6_extreme_peak_v1__iid_baseline,iid,deeponet_baseline,fnn,q_top_peak,peak_6.5,27,0.3155723203094712,0.2672620682814318,0.16369744067885503,0.1100099867159141,2.3333333333333335,24
e6e8_eval__E6_extreme_peak_v1__iid_baseline,iid,deeponet_baseline,fnn,q_top_peak,peak_8.0,22,0.3943542142177524,0.3848671988936416,0.32865574229313416,0.23743120709292576,8.333333333333334,18
e6e8_eval__E6_extreme_peak_v1__iid_baseline,iid,deeponet_baseline,fno,q_top_peak,peak_5.5,29,0.7110204830081337,0.6470528855870944,0.8270713051485938,0.5377345100919848,8.44,25
e6e8_eval__E6_extreme_peak_v1__iid_baseline,iid,deeponet_baseline,fno,q_top_peak,peak_6.5,27,0.6506776730527074,0.5706561855674035,0.5904911290966804,0.40265561695920554,9.5,24
e6e8_eval__E6_extreme_peak_v1__iid_baseline,iid,deeponet_baseline,fno,q_top_peak,peak_8.0,22,0.5512057434271147,0.5537571332618865,0.9776705838846156,0.6103889266850009,13.833333333333334,18
e6e8_eval__E6_extreme_peak_v1__iid_baseline,iid,deeponet_baseline,m1,q_top_peak,peak_5.5,29,0.5158843473215808,0.5180148359036312,0.35494529093720184,0.3081479364439752,11.36,25
e6e8_eval__E6_extreme_peak_v1__iid_baseline,iid,deeponet_baseline,m1,q_top_peak,peak_6.5,27,0.4687557197098129,0.42147738855991324,0.3199338882573861,0.279046035246108,12.375,24
e6e8_eval__E6_extreme_peak_v1__iid_baseline,iid,deeponet_baseline,m1,q_top_peak,peak_8.0,22,0.5392875330796025,0.4763617804570353,0.5336568868997474,0.3462348893887358,18.444444444444443,18
e6e8_eval__E6_extreme_peak_v1__iid_baseline,iid,deeponet_baseline,m2_data,q_top_peak,peak_5.5,29,0.38816283958096476,0.3583311556455107,0.26583361476165224,0.23362740601317125,11.16,25
e6e8_eval__E6_extreme_peak_v1__iid_baseline,iid,deeponet_baseline,m2_data,q_top_peak,peak_6.5,27,0.39822064885667185,0.3281910145266262,0.27599727774040567,0.18138800544161207,14.416666666666666,24
e6e8_eval__E6_extreme_peak_v1__iid_baseline,iid,deeponet_baseline,m2_data,q_top_peak,peak_8.0,22,0.45546490774187026,0.36807701642591306,0.4519038548693075,0.2833082366701065,19.833333333333332,18
e6e8_eval__E6_extreme_peak_v1__iid_baseline,iid,deeponet_baseline,m2_score,q_top_peak,peak_5.5,29,0.4074803123098174,0.374822881785204,0.3042185455162215,0.30369557967251987,12.96,25
e6e8_eval__E6_extreme_peak_v1__iid_baseline,iid,deeponet_baseline,m2_score,q_top_peak,peak_6.5,27,0.4412810495975244,0.3382752620633645,0.2930427573160545,0.2764547335626102,15.833333333333334,24
e6e8_eval__E6_extreme_peak_v1__iid_baseline,iid,deeponet_baseline,m2_score,q_top_peak,peak_8.0,22,0.5421631709914784,0.4322660833670601,0.5341647406643873,0.3365973897034658,19.38888888888889,18
e6e8_eval__E6_extreme_peaktime_v1__iid_baseline,iid,deeponet_baseline,fnn,q_top_peak_time,peaktime_44h,7,0.2129022595148699,0.1656771282100857,0.1817646487596612,0.16929655222184858,3.6666666666666665,6
e6e8_eval__E6_extreme_peaktime_v1__iid_baseline,iid,deeponet_baseline,fnn,q_top_peak_time,peaktime_45h,8,0.3022103621213634,0.2176322903656095,0.19797057831629938,0.13070829404590845,4.333333333333333,6
e6e8_eval__E6_extreme_peaktime_v1__iid_baseline,iid,deeponet_baseline,fnn,q_top_peak_time,peaktime_46h,7,0.20754264991847796,0.17159335135834733,0.13539760731128708,0.1315868281239165,1.7142857142857142,7
e6e8_eval__E6_extreme_peaktime_v1__iid_baseline,iid,deeponet_baseline,fnn,q_top_peak_time,peaktime_47h,7,0.41886236497923246,0.30035161706270946,0.15036489261919975,0.11671296410999489,4.333333333333333,6
e6e8_eval__E6_extreme_peaktime_v1__iid_baseline,iid,deeponet_baseline,fno,q_top_peak_time,peaktime_44h,7,0.6022206339416811,0.5947984358766715,0.5044211442569851,0.4361453753813245,18.333333333333332,6
e6e8_eval__E6_extreme_peaktime_v1__iid_baseline,iid,deeponet_baseline,fno,q_top_peak_time,peaktime_45h,8,0.508738633521318,0.5294571670885369,0.8622232023028898,0.6878809793449938,14.5,6
e6e8_eval__E6_extreme_peaktime_v1__iid_baseline,iid,deeponet_baseline,fno,q_top_peak_time,peaktime_46h,7,0.45625960928076104,0.5071929604893167,1.00239574209286,0.5304620702022604,13.428571428571429,7
e6e8_eval__E6_extreme_peaktime_v1__iid_baseline,iid,deeponet_baseline,fno,q_top_peak_time,peaktime_47h,7,0.6868651096584248,0.7174223866068492,1.4656615850417403,0.49804719605830094,12.0,6
e6e8_eval__E6_extreme_peaktime_v1__iid_baseline,iid,deeponet_baseline,m1,q_top_peak_time,peaktime_44h,7,0.8162008665185778,0.5596567714691089,0.517598789134238,0.41232515582113355,22.5,6
e6e8_eval__E6_extreme_peaktime_v1__iid_baseline,iid,deeponet_baseline,m1,q_top_peak_time,peaktime_45h,8,0.5955032382406307,0.5372018317500074,0.5210590298028237,0.519025999875667,14.833333333333334,6
e6e8_eval__E6_extreme_peaktime_v1__iid_baseline,iid,deeponet_baseline,m1,q_top_peak_time,peaktime_46h,7,0.4010573583408185,0.3775542884562629,0.3326613843928205,0.3017347667284498,13.285714285714286,7
e6e8_eval__E6_extreme_peaktime_v1__iid_baseline,iid,deeponet_baseline,m1,q_top_peak_time,peaktime_47h,7,0.5537194930386499,0.5887066836498841,0.4296665613996487,0.25406848645515295,10.833333333333334,6
e6e8_eval__E6_extreme_peaktime_v1__iid_baseline,iid,deeponet_baseline,m2_data,q_top_peak_time,peaktime_44h,7,0.6858289162648882,0.5795660974869489,0.36231889031310444,0.24019442221788417,20.666666666666668,6
e6e8_eval__E6_extreme_peaktime_v1__iid_baseline,iid,deeponet_baseline,m2_data,q_top_peak_time,peaktime_45h,8,0.4859477066822051,0.3732419727437403,0.4079213901200138,0.43557973895176993,12.166666666666666,6
e6e8_eval__E6_extreme_peaktime_v1__iid_baseline,iid,deeponet_baseline,m2_data,q_top_peak_time,peaktime_46h,7,0.2857226085470013,0.281291818384741,0.19181556670601094,0.17640180706088807,12.428571428571429,7
e6e8_eval__E6_extreme_peaktime_v1__iid_baseline,iid,deeponet_baseline,m2_data,q_top_peak_time,peaktime_47h,7,0.33158546698847047,0.25333965171717865,0.2780041349891576,0.1951886173711779,14.166666666666666,6
e6e8_eval__E6_extreme_peaktime_v1__iid_baseline,iid,deeponet_baseline,m2_score,q_top_peak_time,peaktime_44h,7,0.8064859971367083,0.4381272865908023,0.40563768003267375,0.27038366529420443,22.5,6
e6e8_eval__E6_extreme_peaktime_v1__iid_baseline,iid,deeponet_baseline,m2_score,q_top_peak_time,peaktime_45h,8,0.49000701906206606,0.3746686492112774,0.40710643121877016,0.4086795417459069,14.0,6
e6e8_eval__E6_extreme_peaktime_v1__iid_baseline,iid,deeponet_baseline,m2_score,q_top_peak_time,peaktime_46h,7,0.31423838007490473,0.2748067252245723,0.20784776261059618,0.1729711659130537,14.714285714285714,7
e6e8_eval__E6_extreme_peaktime_v1__iid_baseline,iid,deeponet_baseline,m2_score,q_top_peak_time,peaktime_47h,7,0.360178637048045,0.3021019021584161,0.3311462761625325,0.19295452040769864,13.0,6
e6e8_eval__E8_joint_shift_v1__iid_baseline,iid,deeponet_baseline,fnn,joint_forcing_x_Ks,joint_Ks0.15,9,0.5110515870272481,0.49920460857009324,0.9916223916201533,0.9617381492359779,,0
e6e8_eval__E8_joint_shift_v1__iid_baseline,iid,deeponet_baseline,fnn,joint_forcing_x_Ks,joint_Ks40,15,0.2202628432450889,0.1621224946389469,0.0933686549235821,0.0644591811006266,1.2666666666666666,15
e6e8_eval__E8_joint_shift_v1__iid_baseline,iid,deeponet_baseline,fno,joint_forcing_x_Ks,joint_Ks0.15,9,0.5646747915536503,0.6148830089908274,3.0109944744679287,1.7279118409281498,,0
e6e8_eval__E8_joint_shift_v1__iid_baseline,iid,deeponet_baseline,fno,joint_forcing_x_Ks,joint_Ks40,15,0.5499345005675871,0.5078349132473444,0.543542560195174,0.39766377128985525,3.7333333333333334,15
e6e8_eval__E8_joint_shift_v1__iid_baseline,iid,deeponet_baseline,m1,joint_forcing_x_Ks,joint_Ks0.15,9,0.44659873084855367,0.4420823963487572,1.116801662227467,1.0379133589189942,,0
e6e8_eval__E8_joint_shift_v1__iid_baseline,iid,deeponet_baseline,m1,joint_forcing_x_Ks,joint_Ks40,15,0.388462625534094,0.35125456091947205,0.24754904233895692,0.22138724165462412,5.466666666666667,15
e6e8_eval__E8_joint_shift_v1__iid_baseline,iid,deeponet_baseline,m2_data,joint_forcing_x_Ks,joint_Ks0.15,9,0.40193917076986074,0.3846849645342428,1.0190565781664342,0.9406781613993619,,0
e6e8_eval__E8_joint_shift_v1__iid_baseline,iid,deeponet_baseline,m2_data,joint_forcing_x_Ks,joint_Ks40,15,0.27149766691805827,0.23934791037177802,0.12417690175769011,0.11129760609190247,4.8,15
e6e8_eval__E8_joint_shift_v1__iid_baseline,iid,deeponet_baseline,m2_score,joint_forcing_x_Ks,joint_Ks0.15,9,0.4057271085288947,0.3870492762948571,0.9126596854073722,0.6901127130671724,,0
e6e8_eval__E8_joint_shift_v1__iid_baseline,iid,deeponet_baseline,m2_score,joint_forcing_x_Ks,joint_Ks40,15,0.3001120924589632,0.25811416219930344,0.15474667338324502,0.13245260722050697,6.666666666666667,15
e6e8_eval__E6_extreme_peak_v1__ood_peak_baseline,ood_peak,deeponet_baseline,m1,q_top_peak,peak_5.5,29,0.33786953200074,0.27763140587415885,0.21743172625375368,0.19755052443122972,8.16,25
e6e8_eval__E6_extreme_peak_v1__ood_peak_baseline,ood_peak,deeponet_baseline,m1,q_top_peak,peak_6.5,27,0.29850355909140475,0.2615749957239675,0.19594731685649888,0.13020587701334596,7.958333333333333,24
e6e8_eval__E6_extreme_peak_v1__ood_peak_baseline,ood_peak,deeponet_baseline,m1,q_top_peak,peak_8.0,22,0.36676755707592146,0.3180254242134589,0.2941206450786045,0.1939320268890774,15.722222222222221,18
e6e8_eval__E6_extreme_peak_v1__ood_peak_baseline,ood_peak,deeponet_baseline,m2_data,q_top_peak,peak_5.5,29,0.34304996059963555,0.2691540963922837,0.21579530693910903,0.192366424577354,4.08,25
e6e8_eval__E6_extreme_peak_v1__ood_peak_baseline,ood_peak,deeponet_baseline,m2_data,q_top_peak,peak_6.5,27,0.29728362263176966,0.2743096937899449,0.1676701058920604,0.11926847378349471,7.458333333333333,24
e6e8_eval__E6_extreme_peak_v1__ood_peak_baseline,ood_peak,deeponet_baseline,m2_data,q_top_peak,peak_8.0,22,0.3750282631354214,0.31376444443940305,0.29427179419675903,0.19315697455241498,9.777777777777779,18
e6e8_eval__E6_extreme_peak_v1__ood_peak_baseline,ood_peak,deeponet_baseline,m2_score,q_top_peak,peak_5.5,29,0.34304996059963555,0.2691540963922837,0.21579530693910903,0.192366424577354,4.08,25
e6e8_eval__E6_extreme_peak_v1__ood_peak_baseline,ood_peak,deeponet_baseline,m2_score,q_top_peak,peak_6.5,27,0.29728362263176966,0.2743096937899449,0.1676701058920604,0.11926847378349471,7.458333333333333,24
e6e8_eval__E6_extreme_peak_v1__ood_peak_baseline,ood_peak,deeponet_baseline,m2_score,q_top_peak,peak_8.0,22,0.3750282631354214,0.31376444443940305,0.29427179419675903,0.19315697455241498,9.777777777777779,18
e6e8_eval__E6_extreme_peaktime_v1__ood_peak_baseline,ood_peak,deeponet_baseline,m1,q_top_peak_time,peaktime_44h,7,0.33800190844651906,0.21476531374092783,0.1975186720461177,0.14809722729723798,13.5,6
e6e8_eval__E6_extreme_peaktime_v1__ood_peak_baseline,ood_peak,deeponet_baseline,m1,q_top_peak_time,peaktime_45h,8,0.35529921641525264,0.3440918283345804,0.24157117216195126,0.14554468446400137,12.0,6
e6e8_eval__E6_extreme_peaktime_v1__ood_peak_baseline,ood_peak,deeponet_baseline,m1,q_top_peak_time,peaktime_46h,7,0.19770534492457767,0.19377597832594318,0.21496120893213203,0.15279648725217887,12.428571428571429,7
e6e8_eval__E6_extreme_peaktime_v1__ood_peak_baseline,ood_peak,deeponet_baseline,m1,q_top_peak_time,peaktime_47h,7,0.2563456409841277,0.19308545045462897,0.21826576716307208,0.1376499069857146,11.833333333333334,6
e6e8_eval__E6_extreme_peaktime_v1__ood_peak_baseline,ood_peak,deeponet_baseline,m2_data,q_top_peak_time,peaktime_44h,7,0.3206555690371628,0.2068856526642503,0.18755973884876082,0.15268479614997563,12.6,5
e6e8_eval__E6_extreme_peaktime_v1__ood_peak_baseline,ood_peak,deeponet_baseline,m2_data,q_top_peak_time,peaktime_45h,8,0.3296713770741665,0.28379633908996194,0.2268925293701351,0.14292365979315333,10.833333333333334,6
e6e8_eval__E6_extreme_peaktime_v1__ood_peak_baseline,ood_peak,deeponet_baseline,m2_data,q_top_peak_time,peaktime_46h,7,0.18886645297111063,0.16901573437009373,0.1514631558064309,0.1175592101684516,4.285714285714286,7
e6e8_eval__E6_extreme_peaktime_v1__ood_peak_baseline,ood_peak,deeponet_baseline,m2_data,q_top_peak_time,peaktime_47h,7,0.23863367134539099,0.21267792069520083,0.17403458978092387,0.10991952458202273,5.666666666666667,6
e6e8_eval__E6_extreme_peaktime_v1__ood_peak_baseline,ood_peak,deeponet_baseline,m2_score,q_top_peak_time,peaktime_44h,7,0.3206555690371628,0.2068856526642503,0.18755973884876082,0.15268479614997563,12.6,5
e6e8_eval__E6_extreme_peaktime_v1__ood_peak_baseline,ood_peak,deeponet_baseline,m2_score,q_top_peak_time,peaktime_45h,8,0.3296713770741665,0.28379633908996194,0.2268925293701351,0.14292365979315333,10.833333333333334,6
e6e8_eval__E6_extreme_peaktime_v1__ood_peak_baseline,ood_peak,deeponet_baseline,m2_score,q_top_peak_time,peaktime_46h,7,0.18886645297111063,0.16901573437009373,0.1514631558064309,0.1175592101684516,4.285714285714286,7
e6e8_eval__E6_extreme_peaktime_v1__ood_peak_baseline,ood_peak,deeponet_baseline,m2_score,q_top_peak_time,peaktime_47h,7,0.23863367134539099,0.21267792069520083,0.17403458978092387,0.10991952458202273,5.666666666666667,6
e6e8_eval__E8_joint_shift_v1__ood_peak_baseline,ood_peak,deeponet_baseline,m1,joint_forcing_x_Ks,joint_Ks0.15,9,0.5020792990390688,0.5174221286000176,1.076287892657424,0.8981163924099994,,0
e6e8_eval__E8_joint_shift_v1__ood_peak_baseline,ood_peak,deeponet_baseline,m1,joint_forcing_x_Ks,joint_Ks40,15,0.24680172305099116,0.2169280858847165,0.12514096314047143,0.1021416355770422,2.8,15
e6e8_eval__E8_joint_shift_v1__ood_peak_baseline,ood_peak,deeponet_baseline,m2_data,joint_forcing_x_Ks,joint_Ks0.15,9,0.5305628644806505,0.5248417486425466,0.9261616316979945,0.9131308427948499,,0
e6e8_eval__E8_joint_shift_v1__ood_peak_baseline,ood_peak,deeponet_baseline,m2_data,joint_forcing_x_Ks,joint_Ks40,15,0.23192995399050134,0.1750212602606754,0.11347411587824265,0.07916812301815951,2.2666666666666666,15
e6e8_eval__E8_joint_shift_v1__ood_peak_baseline,ood_peak,deeponet_baseline,m2_score,joint_forcing_x_Ks,joint_Ks0.15,9,0.5305628644806505,0.5248417486425466,0.9261616316979945,0.9131308427948499,,0
e6e8_eval__E8_joint_shift_v1__ood_peak_baseline,ood_peak,deeponet_baseline,m2_score,joint_forcing_x_Ks,joint_Ks40,15,0.23192995399050134,0.1750212602606754,0.11347411587824265,0.07916812301815951,2.2666666666666666,15
e6e8_eval__E6_extreme_peak_v1__ood_peaktime_baseline,ood_peak_time,deeponet_baseline,m1,q_top_peak,peak_5.5,29,0.34547387228950155,0.2880056066242559,0.21482398861785507,0.201507913730387,9.64,25
e6e8_eval__E6_extreme_peak_v1__ood_peaktime_baseline,ood_peak_time,deeponet_baseline,m1,q_top_peak,peak_6.5,27,0.2933209628116523,0.2512575078752792,0.22833879659878556,0.22892784544335967,11.0,24
e6e8_eval__E6_extreme_peak_v1__ood_peaktime_baseline,ood_peak_time,deeponet_baseline,m1,q_top_peak,peak_8.0,22,0.32144832145313285,0.2885031543954275,0.3082971155218932,0.20439713868466805,13.722222222222221,18
e6e8_eval__E6_extreme_peak_v1__ood_peaktime_baseline,ood_peak_time,deeponet_baseline,m2_data,q_top_peak,peak_5.5,29,0.3449417071794566,0.31758626626344205,0.21205776348078242,0.1923251788485913,9.92,25
e6e8_eval__E6_extreme_peak_v1__ood_peaktime_baseline,ood_peak_time,deeponet_baseline,m2_data,q_top_peak,peak_6.5,27,0.2860822671153864,0.26214702201196116,0.2226217329405772,0.22438002085000766,10.708333333333334,24
e6e8_eval__E6_extreme_peak_v1__ood_peaktime_baseline,ood_peak_time,deeponet_baseline,m2_data,q_top_peak,peak_8.0,22,0.34028374568750624,0.2974517913598712,0.30874850308963353,0.18250780501252073,13.944444444444445,18
e6e8_eval__E6_extreme_peak_v1__ood_peaktime_baseline,ood_peak_time,deeponet_baseline,m2_score,q_top_peak,peak_5.5,29,0.3449417071794566,0.31758626626344205,0.21205776348078242,0.1923251788485913,9.92,25
e6e8_eval__E6_extreme_peak_v1__ood_peaktime_baseline,ood_peak_time,deeponet_baseline,m2_score,q_top_peak,peak_6.5,27,0.2860822671153864,0.26214702201196116,0.2226217329405772,0.22438002085000766,10.708333333333334,24
e6e8_eval__E6_extreme_peak_v1__ood_peaktime_baseline,ood_peak_time,deeponet_baseline,m2_score,q_top_peak,peak_8.0,22,0.34028374568750624,0.2974517913598712,0.30874850308963353,0.18250780501252073,13.944444444444445,18
e6e8_eval__E6_extreme_peaktime_v1__ood_peaktime_baseline,ood_peak_time,deeponet_baseline,m1,q_top_peak_time,peaktime_44h,7,0.31470164966267417,0.2602091059054592,0.18697509055127015,0.17044702340086954,16.166666666666668,6
e6e8_eval__E6_extreme_peaktime_v1__ood_peaktime_baseline,ood_peak_time,deeponet_baseline,m1,q_top_peak_time,peaktime_45h,8,0.25612840673510867,0.24019627372797148,0.24365533143612106,0.2158073405135117,15.0,6
e6e8_eval__E6_extreme_peaktime_v1__ood_peaktime_baseline,ood_peak_time,deeponet_baseline,m1,q_top_peak_time,peaktime_46h,7,0.2565731172373917,0.23530716325337886,0.19473744277811803,0.20482283901051718,14.0,7
e6e8_eval__E6_extreme_peaktime_v1__ood_peaktime_baseline,ood_peak_time,deeponet_baseline,m1,q_top_peak_time,peaktime_47h,7,0.30992627003009815,0.31385904646649343,0.20706768924614605,0.16613833931175923,12.666666666666666,6
e6e8_eval__E6_extreme_peaktime_v1__ood_peaktime_baseline,ood_peak_time,deeponet_baseline,m2_data,q_top_peak_time,peaktime_44h,7,0.3099887389909514,0.2812788801981289,0.17050479711144678,0.15242207026657967,12.0,6
e6e8_eval__E6_extreme_peaktime_v1__ood_peaktime_baseline,ood_peak_time,deeponet_baseline,m2_data,q_top_peak_time,peaktime_45h,8,0.2311765833134922,0.20050678864723545,0.22510692034170537,0.19856818269631055,13.666666666666666,6
e6e8_eval__E6_extreme_peaktime_v1__ood_peaktime_baseline,ood_peak_time,deeponet_baseline,m2_data,q_top_peak_time,peaktime_46h,7,0.24368758581575717,0.25018253100977383,0.16232423844082983,0.1796287751349797,12.857142857142858,7
e6e8_eval__E6_extreme_peaktime_v1__ood_peaktime_baseline,ood_peak_time,deeponet_baseline,m2_data,q_top_peak_time,peaktime_47h,7,0.30527766107660403,0.322152505009458,0.19629056999932618,0.14361045400048258,11.5,6
e6e8_eval__E6_extreme_peaktime_v1__ood_peaktime_baseline,ood_peak_time,deeponet_baseline,m2_score,q_top_peak_time,peaktime_44h,7,0.3099887389909514,0.2812788801981289,0.17050479711144678,0.15242207026657967,12.0,6
e6e8_eval__E6_extreme_peaktime_v1__ood_peaktime_baseline,ood_peak_time,deeponet_baseline,m2_score,q_top_peak_time,peaktime_45h,8,0.2311765833134922,0.20050678864723545,0.22510692034170537,0.19856818269631055,13.666666666666666,6
e6e8_eval__E6_extreme_peaktime_v1__ood_peaktime_baseline,ood_peak_time,deeponet_baseline,m2_score,q_top_peak_time,peaktime_46h,7,0.24368758581575717,0.25018253100977383,0.16232423844082983,0.1796287751349797,12.857142857142858,7
e6e8_eval__E6_extreme_peaktime_v1__ood_peaktime_baseline,ood_peak_time,deeponet_baseline,m2_score,q_top_peak_time,peaktime_47h,7,0.30527766107660403,0.322152505009458,0.19629056999932618,0.14361045400048258,11.5,6
e6e8_eval__E8_joint_shift_v1__ood_peaktime_baseline,ood_peak_time,deeponet_baseline,m1,joint_forcing_x_Ks,joint_Ks0.15,9,0.3396119925082607,0.3571694760253449,0.8784942295733873,0.7303399112518777,,0
e6e8_eval__E8_joint_shift_v1__ood_peaktime_baseline,ood_peak_time,deeponet_baseline,m1,joint_forcing_x_Ks,joint_Ks40,15,0.29989566359543945,0.2714331361253971,0.12936409523038753,0.12172490390722082,4.533333333333333,15
e6e8_eval__E8_joint_shift_v1__ood_peaktime_baseline,ood_peak_time,deeponet_baseline,m2_data,joint_forcing_x_Ks,joint_Ks0.15,9,0.360931340078247,0.3691215599939049,0.7648213449106726,0.6132641172720719,,0
e6e8_eval__E8_joint_shift_v1__ood_peaktime_baseline,ood_peak_time,deeponet_baseline,m2_data,joint_forcing_x_Ks,joint_Ks40,15,0.2901988015739085,0.2688198322907062,0.12038787902638327,0.10444022410927647,4.2,15
e6e8_eval__E8_joint_shift_v1__ood_peaktime_baseline,ood_peak_time,deeponet_baseline,m2_score,joint_forcing_x_Ks,joint_Ks0.15,9,0.360931340078247,0.3691215599939049,0.7648213449106726,0.6132641172720719,,0
e6e8_eval__E8_joint_shift_v1__ood_peaktime_baseline,ood_peak_time,deeponet_baseline,m2_score,joint_forcing_x_Ks,joint_Ks40,15,0.2901988015739085,0.2688198322907062,0.12038787902638327,0.10444022410927647,4.2,15
e6e8_eval__E6_extreme_peak_v1__shift_iid,iid,shift_unbounded,m1,q_top_peak,peak_5.5,29,0.3889795060308868,0.3610517582851423,0.30444571511064095,0.29059763732169414,11.52,25
e6e8_eval__E6_extreme_peak_v1__shift_iid,iid,shift_unbounded,m1,q_top_peak,peak_6.5,27,0.3763190149816887,0.34308534059085166,0.29659998391208153,0.20975846471511667,13.75,24
e6e8_eval__E6_extreme_peak_v1__shift_iid,iid,shift_unbounded,m1,q_top_peak,peak_8.0,22,0.4391336806208867,0.3904352684299347,0.4827040703337204,0.4117157798009119,15.117647058823529,17
e6e8_eval__E6_extreme_peak_v1__shift_iid,iid,shift_unbounded,m2_data,q_top_peak,peak_5.5,29,0.3298096151150248,0.29756634451042346,0.2384769396468099,0.1942796425551304,8.04,25
e6e8_eval__E6_extreme_peak_v1__shift_iid,iid,shift_unbounded,m2_data,q_top_peak,peak_6.5,27,0.30805185391173295,0.2581655770043079,0.23690236260038502,0.17053180404332588,12.583333333333334,24
e6e8_eval__E6_extreme_peak_v1__shift_iid,iid,shift_unbounded,m2_data,q_top_peak,peak_8.0,22,0.3455854955740373,0.28306899640970296,0.341803817312643,0.28875872087072707,16.055555555555557,18
e6e8_eval__E6_extreme_peak_v1__shift_iid,iid,shift_unbounded,m2_score,q_top_peak,peak_5.5,29,0.3284561713309904,0.33568947366297464,0.2610906188686373,0.23148364395539733,10.92,25
e6e8_eval__E6_extreme_peak_v1__shift_iid,iid,shift_unbounded,m2_score,q_top_peak,peak_6.5,27,0.3134424430191804,0.28253440877461566,0.24492845837774868,0.1917240906538261,15.416666666666666,24
e6e8_eval__E6_extreme_peak_v1__shift_iid,iid,shift_unbounded,m2_score,q_top_peak,peak_8.0,22,0.34255445768617737,0.2908603031998189,0.3915309852322984,0.2935578235466275,18.833333333333332,18
e6e8_eval__E6_extreme_peaktime_v1__shift_iid,iid,shift_unbounded,m1,q_top_peak_time,peaktime_44h,7,0.3986676221657833,0.4143705591939622,0.3068376635779764,0.3382063592497105,23.666666666666668,6
e6e8_eval__E6_extreme_peaktime_v1__shift_iid,iid,shift_unbounded,m1,q_top_peak_time,peaktime_45h,8,0.32873592189120826,0.3205657033308074,0.33012838430999336,0.30794186622142583,16.166666666666668,6
e6e8_eval__E6_extreme_peaktime_v1__shift_iid,iid,shift_unbounded,m1,q_top_peak_time,peaktime_46h,7,0.3056542903269884,0.3095858816181164,0.35158799609732316,0.38463529009232345,19.571428571428573,7
e6e8_eval__E6_extreme_peaktime_v1__shift_iid,iid,shift_unbounded,m1,q_top_peak_time,peaktime_47h,7,0.44742742245708894,0.35422276154885457,0.55351993614055,0.323704347850041,15.0,6
e6e8_eval__E6_extreme_peaktime_v1__shift_iid,iid,shift_unbounded,m2_data,q_top_peak_time,peaktime_44h,7,0.2891087164406043,0.2770426366757052,0.20273999007544183,0.19121439257553047,17.833333333333332,6
e6e8_eval__E6_extreme_peaktime_v1__shift_iid,iid,shift_unbounded,m2_data,q_top_peak_time,peaktime_45h,8,0.30590318810205575,0.27764083700261005,0.21262499992504774,0.1976675532406334,21.5,6
e6e8_eval__E6_extreme_peaktime_v1__shift_iid,iid,shift_unbounded,m2_data,q_top_peak_time,peaktime_46h,7,0.24626693379403988,0.26162958606922315,0.2158724600831071,0.1627161400715654,17.0,7
e6e8_eval__E6_extreme_peaktime_v1__shift_iid,iid,shift_unbounded,m2_data,q_top_peak_time,peaktime_47h,7,0.29176496812534125,0.23229802802373103,0.23992293122739297,0.20614692646808633,12.5,6
e6e8_eval__E6_extreme_peaktime_v1__shift_iid,iid,shift_unbounded,m2_score,q_top_peak_time,peaktime_44h,7,0.2787016315736234,0.24489836413508118,0.20355359978272544,0.21697926569748557,16.0,6
e6e8_eval__E6_extreme_peaktime_v1__shift_iid,iid,shift_unbounded,m2_score,q_top_peak_time,peaktime_45h,8,0.302577050595809,0.2576741965289604,0.2052226228908135,0.19870575161330467,18.666666666666668,6
e6e8_eval__E6_extreme_peaktime_v1__shift_iid,iid,shift_unbounded,m2_score,q_top_peak_time,peaktime_46h,7,0.2501296784763526,0.2631186341566953,0.2102685934702116,0.19456977259817493,12.571428571428571,7
e6e8_eval__E6_extreme_peaktime_v1__shift_iid,iid,shift_unbounded,m2_score,q_top_peak_time,peaktime_47h,7,0.3090074168725906,0.24908892183615514,0.253863440883784,0.1953988853570087,14.5,6
e6e8_eval__E8_joint_shift_v1__shift_iid,iid,shift_unbounded,m1,joint_forcing_x_Ks,joint_Ks0.15,9,0.4331108830561096,0.3994251582725358,0.8743702920054675,0.7591646163118467,,0
e6e8_eval__E8_joint_shift_v1__shift_iid,iid,shift_unbounded,m1,joint_forcing_x_Ks,joint_Ks40,15,0.4135904373288807,0.4311818825928798,0.21826216134409437,0.1787682692128282,7.866666666666666,15
e6e8_eval__E8_joint_shift_v1__shift_iid,iid,shift_unbounded,m2_data,joint_forcing_x_Ks,joint_Ks0.15,9,0.5313895395395819,0.5310852635846544,0.8828631058969597,0.8468748633353536,,0
e6e8_eval__E8_joint_shift_v1__shift_iid,iid,shift_unbounded,m2_data,joint_forcing_x_Ks,joint_Ks40,15,0.27430046689929816,0.26748433945799316,0.15795504926344278,0.11167598047263154,4.733333333333333,15
e6e8_eval__E8_joint_shift_v1__shift_iid,iid,shift_unbounded,m2_score,joint_forcing_x_Ks,joint_Ks0.15,9,0.47804991754470383,0.4521357899512506,0.8406680041017502,0.9142263487351249,,0
e6e8_eval__E8_joint_shift_v1__shift_iid,iid,shift_unbounded,m2_score,joint_forcing_x_Ks,joint_Ks40,15,0.2768546547725869,0.24400323617697525,0.15979177687513177,0.14228378049165458,3.466666666666667,15
e6e8_eval__E6_extreme_peak_v1__shift_ood_peak,ood_peak,shift_unbounded,m1,q_top_peak,peak_5.5,29,0.3708367916477191,0.3357534830388679,0.31236303179522673,0.26163428510299425,12.64,25
e6e8_eval__E6_extreme_peak_v1__shift_ood_peak,ood_peak,shift_unbounded,m1,q_top_peak,peak_6.5,27,0.36641403605354594,0.33633322940129823,0.28895879988529805,0.19410797860916332,12.708333333333334,24
e6e8_eval__E6_extreme_peak_v1__shift_ood_peak,ood_peak,shift_unbounded,m1,q_top_peak,peak_8.0,22,0.41674523348827086,0.32642585785400074,0.4119864615380569,0.30564751216743946,14.5,18
e6e8_eval__E6_extreme_peak_v1__shift_ood_peak,ood_peak,shift_unbounded,m2_data,q_top_peak,peak_5.5,29,0.28827559426148236,0.2607615596858572,0.23658938508006175,0.21790163573415786,6.76,25
e6e8_eval__E6_extreme_peak_v1__shift_ood_peak,ood_peak,shift_unbounded,m2_data,q_top_peak,peak_6.5,27,0.32608449789976074,0.30790832628750836,0.22902014287781877,0.14585247873197468,6.833333333333333,24
e6e8_eval__E6_extreme_peak_v1__shift_ood_peak,ood_peak,shift_unbounded,m2_data,q_top_peak,peak_8.0,22,0.4304017798173769,0.3838463606055673,0.3788459018002697,0.24655471913016055,10.222222222222221,18
e6e8_eval__E6_extreme_peak_v1__shift_ood_peak,ood_peak,shift_unbounded,m2_score,q_top_peak,peak_5.5,29,0.29111038645729315,0.24829758104258154,0.2501293567536324,0.22287416461463166,11.6,25
e6e8_eval__E6_extreme_peak_v1__shift_ood_peak,ood_peak,shift_unbounded,m2_score,q_top_peak,peak_6.5,27,0.32320353493744536,0.32560105691685776,0.2388060589831619,0.17189068590865197,14.208333333333334,24
e6e8_eval__E6_extreme_peak_v1__shift_ood_peak,ood_peak,shift_unbounded,m2_score,q_top_peak,peak_8.0,22,0.4283927542776444,0.3821915457474529,0.39146023018280035,0.2838824171602279,15.222222222222221,18
e6e8_eval__E6_extreme_peaktime_v1__shift_ood_peak,ood_peak,shift_unbounded,m1,q_top_peak_time,peaktime_44h,7,0.3491013351031979,0.3207906394727403,0.2250040450749513,0.20834097879825117,20.333333333333332,6
e6e8_eval__E6_extreme_peaktime_v1__shift_ood_peak,ood_peak,shift_unbounded,m1,q_top_peak_time,peaktime_45h,8,0.32652211780815876,0.32333298269277294,0.29824739300255465,0.32278387015959276,16.833333333333332,6
e6e8_eval__E6_extreme_peaktime_v1__shift_ood_peak,ood_peak,shift_unbounded,m1,q_top_peak_time,peaktime_46h,7,0.2776456676044196,0.2761075468829583,0.30747206910024943,0.309068098867494,16.857142857142858,7
e6e8_eval__E6_extreme_peaktime_v1__shift_ood_peak,ood_peak,shift_unbounded,m1,q_top_peak_time,peaktime_47h,7,0.3160820934411127,0.28546453037894653,0.4411025729160592,0.30796293974118855,17.833333333333332,6
e6e8_eval__E6_extreme_peaktime_v1__shift_ood_peak,ood_peak,shift_unbounded,m2_data,q_top_peak_time,peaktime_44h,7,0.3114416523334333,0.27345519566780235,0.15588497773895674,0.14862375136948494,11.6,5
e6e8_eval__E6_extreme_peaktime_v1__shift_ood_peak,ood_peak,shift_unbounded,m2_data,q_top_peak_time,peaktime_45h,8,0.3460700435289882,0.4102301455958041,0.20035122930554222,0.1673138693744265,11.0,6
e6e8_eval__E6_extreme_peaktime_v1__shift_ood_peak,ood_peak,shift_unbounded,m2_data,q_top_peak_time,peaktime_46h,7,0.26328002668465206,0.20538018326403842,0.18094810694339308,0.11000390497876426,7.714285714285714,7
e6e8_eval__E6_extreme_peaktime_v1__shift_ood_peak,ood_peak,shift_unbounded,m2_data,q_top_peak_time,peaktime_47h,7,0.25195475630777875,0.19699413150624664,0.2118382657510178,0.19054065005798138,10.833333333333334,6
e6e8_eval__E6_extreme_peaktime_v1__shift_ood_peak,ood_peak,shift_unbounded,m2_score,q_top_peak_time,peaktime_44h,7,0.3132897658774885,0.24566358197158775,0.17033861644056758,0.14866319763377356,23.333333333333332,6
e6e8_eval__E6_extreme_peaktime_v1__shift_ood_peak,ood_peak,shift_unbounded,m2_score,q_top_peak_time,peaktime_45h,8,0.3230074649239056,0.38509494879504863,0.21528598495744777,0.16637410398507016,20.5,6
e6e8_eval__E6_extreme_peaktime_v1__shift_ood_peak,ood_peak,shift_unbounded,m2_score,q_top_peak_time,peaktime_46h,7,0.2577203156465889,0.1790877910028675,0.1893524112734656,0.12072337916691642,16.142857142857142,7
e6e8_eval__E6_extreme_peaktime_v1__shift_ood_peak,ood_peak,shift_unbounded,m2_score,q_top_peak_time,peaktime_47h,7,0.2762642258027807,0.220510875515178,0.19772398206292457,0.16439436610019878,11.666666666666666,6
e6e8_eval__E8_joint_shift_v1__shift_ood_peak,ood_peak,shift_unbounded,m1,joint_forcing_x_Ks,joint_Ks0.15,9,0.47693031719311574,0.5151069925906667,1.049484983950212,0.9000909021044571,,0
e6e8_eval__E8_joint_shift_v1__shift_ood_peak,ood_peak,shift_unbounded,m1,joint_forcing_x_Ks,joint_Ks40,15,0.3317172160566431,0.31639074393034405,0.18176101973858774,0.13280349741664943,6.4,15
e6e8_eval__E8_joint_shift_v1__shift_ood_peak,ood_peak,shift_unbounded,m2_data,joint_forcing_x_Ks,joint_Ks0.15,9,0.3673739783301936,0.36494120230672433,0.7436787394029014,0.6705394869270053,,0
e6e8_eval__E8_joint_shift_v1__shift_ood_peak,ood_peak,shift_unbounded,m2_data,joint_forcing_x_Ks,joint_Ks40,15,0.24753502542313754,0.2445787018430205,0.13329883877456986,0.08979711291249745,2.3333333333333335,15
e6e8_eval__E8_joint_shift_v1__shift_ood_peak,ood_peak,shift_unbounded,m2_score,joint_forcing_x_Ks,joint_Ks0.15,9,0.364332732533936,0.3554905573190961,0.7496048730654853,0.6579811462881855,,0
e6e8_eval__E8_joint_shift_v1__shift_ood_peak,ood_peak,shift_unbounded,m2_score,joint_forcing_x_Ks,joint_Ks40,15,0.23706727660221788,0.21229489451225184,0.11804472940735633,0.08002662262969354,2.466666666666667,15
e6e8_eval__E6_extreme_peak_v1__regshift_iid_s42,iid,shift_unbounded_historical,m1,q_top_peak,peak_5.5,29,0.25694247388595765,0.22917526292304793,0.20333932088489812,0.15324018296674413,4.52,25
e6e8_eval__E6_extreme_peak_v1__regshift_iid_s42,iid,shift_unbounded_historical,m1,q_top_peak,peak_6.5,27,0.3011562917273317,0.2639506310039356,0.1692039461606493,0.10902117447251206,4.625,24
e6e8_eval__E6_extreme_peak_v1__regshift_iid_s42,iid,shift_unbounded_historical,m1,q_top_peak,peak_8.0,22,0.39384056122406186,0.32043715000890227,0.32503386149288815,0.2225828256302089,7.1875,16
e6e8_eval__E6_extreme_peak_v1__regshift_iid_s42,iid,shift_unbounded_historical,m2_data,q_top_peak,peak_5.5,29,0.2637187181103786,0.24316791322741718,0.19358943621332625,0.15982517947160463,3.44,25
e6e8_eval__E6_extreme_peak_v1__regshift_iid_s42,iid,shift_unbounded_historical,m2_data,q_top_peak,peak_6.5,27,0.3049369908584023,0.2793577180278438,0.16782329092589254,0.11735092655761621,4.125,24
e6e8_eval__E6_extreme_peak_v1__regshift_iid_s42,iid,shift_unbounded_historical,m2_data,q_top_peak,peak_8.0,22,0.39977611213570624,0.3581413859370891,0.3276268213552798,0.20523219250683888,6.875,16
e6e8_eval__E6_extreme_peak_v1__regshift_iid_s42,iid,shift_unbounded_historical,m2_score,q_top_peak,peak_5.5,29,0.26272069194291375,0.24730748684683024,0.1942504611588942,0.14602999630905342,4.24,25
e6e8_eval__E6_extreme_peak_v1__regshift_iid_s42,iid,shift_unbounded_historical,m2_score,q_top_peak,peak_6.5,27,0.30969890722916926,0.2750982239092502,0.17028546857165092,0.11644213610842968,4.5,24
e6e8_eval__E6_extreme_peak_v1__regshift_iid_s42,iid,shift_unbounded_historical,m2_score,q_top_peak,peak_8.0,22,0.40529330291784516,0.3632369931471857,0.32428333208893007,0.18354042059018472,6.375,16
e6e8_eval__E6_extreme_peaktime_v1__regshift_iid_s42,iid,shift_unbounded_historical,m1,q_top_peak_time,peaktime_44h,7,0.21981575212671786,0.19924010283748164,0.16160675862942717,0.14183196205586002,10.333333333333334,6
e6e8_eval__E6_extreme_peaktime_v1__regshift_iid_s42,iid,shift_unbounded_historical,m1,q_top_peak_time,peaktime_45h,8,0.19543046841220235,0.1465312508548861,0.1493589684379052,0.11232078372380952,2.1666666666666665,6
e6e8_eval__E6_extreme_peaktime_v1__regshift_iid_s42,iid,shift_unbounded_historical,m1,q_top_peak_time,peaktime_46h,7,0.1589518372253445,0.13265730385139915,0.1308428917493553,0.14120251550018595,7.142857142857143,7
e6e8_eval__E6_extreme_peaktime_v1__regshift_iid_s42,iid,shift_unbounded_historical,m1,q_top_peak_time,peaktime_47h,7,0.20894703535439635,0.1839932728482955,0.1534330652062514,0.14553006261540413,8.0,6
e6e8_eval__E6_extreme_peaktime_v1__regshift_iid_s42,iid,shift_unbounded_historical,m2_data,q_top_peak_time,peaktime_44h,7,0.22542037170099377,0.21044933087848477,0.155258633933247,0.1361501726228269,6.2,5
e6e8_eval__E6_extreme_peaktime_v1__regshift_iid_s42,iid,shift_unbounded_historical,m2_data,q_top_peak_time,peaktime_45h,8,0.19234083626772447,0.16034610318292847,0.13973884157818872,0.10475266801503683,1.3333333333333333,6
e6e8_eval__E6_extreme_peaktime_v1__regshift_iid_s42,iid,shift_unbounded_historical,m2_data,q_top_peak_time,peaktime_46h,7,0.15999166298929415,0.13118319401584683,0.12076020265705951,0.10925556349471843,5.0,7
e6e8_eval__E6_extreme_peaktime_v1__regshift_iid_s42,iid,shift_unbounded_historical,m2_data,q_top_peak_time,peaktime_47h,7,0.23691077308353917,0.19657894256241107,0.13804438028017338,0.13948348408988323,4.333333333333333,6
e6e8_eval__E6_extreme_peaktime_v1__regshift_iid_s42,iid,shift_unbounded_historical,m2_score,q_top_peak_time,peaktime_44h,7,0.23921070918571452,0.23939770021008908,0.1653282418097982,0.1568981811419241,7.833333333333333,6
e6e8_eval__E6_extreme_peaktime_v1__regshift_iid_s42,iid,shift_unbounded_historical,m2_score,q_top_peak_time,peaktime_45h,8,0.21072985591963309,0.1740815132590955,0.1414292739711679,0.11600632320705978,2.1666666666666665,6
e6e8_eval__E6_extreme_peaktime_v1__regshift_iid_s42,iid,shift_unbounded_historical,m2_score,q_top_peak_time,peaktime_46h,7,0.16889578098897776,0.14223687409291527,0.13720817776797647,0.14597658836689648,5.571428571428571,7
e6e8_eval__E6_extreme_peaktime_v1__regshift_iid_s42,iid,shift_unbounded_historical,m2_score,q_top_peak_time,peaktime_47h,7,0.23041191554366428,0.19167928140555052,0.16664012573129053,0.15993814668461467,5.833333333333333,6
e6e8_eval__E8_joint_shift_v1__regshift_iid_s42,iid,shift_unbounded_historical,m1,joint_forcing_x_Ks,joint_Ks0.15,9,0.3155266736268006,0.3285663425449414,0.3638890554105616,0.40342535099088844,,0
e6e8_eval__E8_joint_shift_v1__regshift_iid_s42,iid,shift_unbounded_historical,m1,joint_forcing_x_Ks,joint_Ks40,15,0.2748936907270309,0.2495275294551869,0.13786290267343082,0.10199796620055605,2.6,15
e6e8_eval__E8_joint_shift_v1__regshift_iid_s42,iid,shift_unbounded_historical,m2_data,joint_forcing_x_Ks,joint_Ks0.15,9,0.3245441662727151,0.3308424600204341,0.35813407665825997,0.3650435083625606,,0
e6e8_eval__E8_joint_shift_v1__regshift_iid_s42,iid,shift_unbounded_historical,m2_data,joint_forcing_x_Ks,joint_Ks40,15,0.2607168336166806,0.24902715026421232,0.12828338493983854,0.0988817757442468,1.9333333333333333,15
e6e8_eval__E8_joint_shift_v1__regshift_iid_s42,iid,shift_unbounded_historical,m2_score,joint_forcing_x_Ks,joint_Ks0.15,9,0.3334131651674139,0.3402089664883469,0.35709127956813275,0.2799714022860454,,0
e6e8_eval__E8_joint_shift_v1__regshift_iid_s42,iid,shift_unbounded_historical,m2_score,joint_forcing_x_Ks,joint_Ks40,15,0.2703134883911805,0.26327113285005577,0.1281011161139637,0.10325850854417952,2.1333333333333333,15
e6e8_eval__E6_extreme_peak_v1__regshift_ood_peak_s42,ood_peak,shift_unbounded_historical,m1,q_top_peak,peak_5.5,29,0.30186548101449906,0.2526679038573159,0.19510704200917248,0.15569624018827724,5.88,25
e6e8_eval__E6_extreme_peak_v1__regshift_ood_peak_s42,ood_peak,shift_unbounded_historical,m1,q_top_peak,peak_6.5,27,0.3221275084584637,0.3032461533482381,0.18961902655265814,0.14426536371045032,7.0,24
e6e8_eval__E6_extreme_peak_v1__regshift_ood_peak_s42,ood_peak,shift_unbounded_historical,m1,q_top_peak,peak_8.0,22,0.3588076955294223,0.35346255685085815,0.27416808758009253,0.22753378942804928,8.176470588235293,17
e6e8_eval__E6_extreme_peak_v1__regshift_ood_peak_s42,ood_peak,shift_unbounded_historical,m2_data,q_top_peak,peak_5.5,29,0.30813239996293434,0.26274200917256324,0.211034555043831,0.19626003846882362,6.8,25
e6e8_eval__E6_extreme_peak_v1__regshift_ood_peak_s42,ood_peak,shift_unbounded_historical,m2_data,q_top_peak,peak_6.5,27,0.3253682634468665,0.285512541694359,0.19744117222114893,0.14450683464069927,4.875,24
e6e8_eval__E6_extreme_peak_v1__regshift_ood_peak_s42,ood_peak,shift_unbounded_historical,m2_data,q_top_peak,peak_8.0,22,0.3572453262179238,0.34127306045946704,0.26707222782186446,0.2094888141245423,12.055555555555555,18
e6e8_eval__E6_extreme_peak_v1__regshift_ood_peak_s42,ood_peak,shift_unbounded_historical,m2_score,q_top_peak,peak_5.5,29,0.30813239996293434,0.26274200917256324,0.211034555043831,0.19626003846882362,6.8,25
e6e8_eval__E6_extreme_peak_v1__regshift_ood_peak_s42,ood_peak,shift_unbounded_historical,m2_score,q_top_peak,peak_6.5,27,0.3253682634468665,0.285512541694359,0.19744117222114893,0.14450683464069927,4.875,24
e6e8_eval__E6_extreme_peak_v1__regshift_ood_peak_s42,ood_peak,shift_unbounded_historical,m2_score,q_top_peak,peak_8.0,22,0.3572453262179238,0.34127306045946704,0.26707222782186446,0.2094888141245423,12.055555555555555,18
e6e8_eval__E6_extreme_peaktime_v1__regshift_ood_peak_s42,ood_peak,shift_unbounded_historical,m1,q_top_peak_time,peaktime_44h,7,0.2924999795050202,0.24996163800138047,0.1563403430598123,0.10264096416054568,7.833333333333333,6
e6e8_eval__E6_extreme_peaktime_v1__regshift_ood_peak_s42,ood_peak,shift_unbounded_historical,m1,q_top_peak_time,peaktime_45h,8,0.25707350040506016,0.24105784600450336,0.20833891463572168,0.1484581190037618,12.333333333333334,6
e6e8_eval__E6_extreme_peaktime_v1__regshift_ood_peak_s42,ood_peak,shift_unbounded_historical,m1,q_top_peak_time,peaktime_46h,7,0.17533583611113082,0.1390674336650399,0.12369621228547802,0.10808592999619261,10.857142857142858,7
e6e8_eval__E6_extreme_peaktime_v1__regshift_ood_peak_s42,ood_peak,shift_unbounded_historical,m1,q_top_peak_time,peaktime_47h,7,0.29348696751965725,0.22556892830637712,0.1616804830309037,0.14063836113786174,13.333333333333334,6
e6e8_eval__E6_extreme_peaktime_v1__regshift_ood_peak_s42,ood_peak,shift_unbounded_historical,m2_data,q_top_peak_time,peaktime_44h,7,0.28655382371010996,0.23338246774066126,0.16934771614408148,0.09668410542545458,7.5,6
e6e8_eval__E6_extreme_peaktime_v1__regshift_ood_peak_s42,ood_peak,shift_unbounded_historical,m2_data,q_top_peak_time,peaktime_45h,8,0.2555674690454105,0.23156182456125807,0.19651248618043143,0.11253419943352748,9.0,6
e6e8_eval__E6_extreme_peaktime_v1__regshift_ood_peak_s42,ood_peak,shift_unbounded_historical,m2_data,q_top_peak_time,peaktime_46h,7,0.17511121343195213,0.15492631455232747,0.1374286375989505,0.10179602221564513,8.714285714285714,7
e6e8_eval__E6_extreme_peaktime_v1__regshift_ood_peak_s42,ood_peak,shift_unbounded_historical,m2_data,q_top_peak_time,peaktime_47h,7,0.292949312107539,0.2733239449169484,0.1515000335399423,0.13883272966730112,9.5,6
e6e8_eval__E6_extreme_peaktime_v1__regshift_ood_peak_s42,ood_peak,shift_unbounded_historical,m2_score,q_top_peak_time,peaktime_44h,7,0.28655382371010996,0.23338246774066126,0.16934771614408148,0.09668410542545458,7.5,6
e6e8_eval__E6_extreme_peaktime_v1__regshift_ood_peak_s42,ood_peak,shift_unbounded_historical,m2_score,q_top_peak_time,peaktime_45h,8,0.2555674690454105,0.23156182456125807,0.19651248618043143,0.11253419943352748,9.0,6
e6e8_eval__E6_extreme_peaktime_v1__regshift_ood_peak_s42,ood_peak,shift_unbounded_historical,m2_score,q_top_peak_time,peaktime_46h,7,0.17511121343195213,0.15492631455232747,0.1374286375989505,0.10179602221564513,8.714285714285714,7
e6e8_eval__E6_extreme_peaktime_v1__regshift_ood_peak_s42,ood_peak,shift_unbounded_historical,m2_score,q_top_peak_time,peaktime_47h,7,0.292949312107539,0.2733239449169484,0.1515000335399423,0.13883272966730112,9.5,6
e6e8_eval__E8_joint_shift_v1__regshift_ood_peak_s42,ood_peak,shift_unbounded_historical,m1,joint_forcing_x_Ks,joint_Ks0.15,9,0.4157684120275926,0.37155775867733554,0.6324971383149874,0.5318740889616503,,0
e6e8_eval__E8_joint_shift_v1__regshift_ood_peak_s42,ood_peak,shift_unbounded_historical,m1,joint_forcing_x_Ks,joint_Ks40,15,0.22196373140601747,0.2186274007409906,0.09421486083933193,0.06088400819416542,4.0,15
e6e8_eval__E8_joint_shift_v1__regshift_ood_peak_s42,ood_peak,shift_unbounded_historical,m2_data,joint_forcing_x_Ks,joint_Ks0.15,9,0.4167067637896318,0.3733936358974568,0.6623579727369211,0.5648497011055412,,0
e6e8_eval__E8_joint_shift_v1__regshift_ood_peak_s42,ood_peak,shift_unbounded_historical,m2_data,joint_forcing_x_Ks,joint_Ks40,15,0.22231884907729113,0.2211241863703474,0.09384900854211188,0.05958322961995643,2.7333333333333334,15
e6e8_eval__E8_joint_shift_v1__regshift_ood_peak_s42,ood_peak,shift_unbounded_historical,m2_score,joint_forcing_x_Ks,joint_Ks0.15,9,0.4167067637896318,0.3733936358974568,0.6623579727369211,0.5648497011055412,,0
e6e8_eval__E8_joint_shift_v1__regshift_ood_peak_s42,ood_peak,shift_unbounded_historical,m2_score,joint_forcing_x_Ks,joint_Ks40,15,0.22231884907729113,0.2211241863703474,0.09384900854211188,0.05958322961995643,2.7333333333333334,15
e6e8_eval__E6_extreme_peak_v1__regshift_ood_time_s42,ood_peak_time,shift_unbounded_historical,m1,q_top_peak,peak_5.5,29,0.29135672903680604,0.22695873710868467,0.21227796452826908,0.1654263102427433,5.0,25
e6e8_eval__E6_extreme_peak_v1__regshift_ood_time_s42,ood_peak_time,shift_unbounded_historical,m1,q_top_peak,peak_6.5,27,0.3271076395129309,0.27395662425042316,0.16456267090116336,0.1038913210975829,4.958333333333333,24
e6e8_eval__E6_extreme_peak_v1__regshift_ood_time_s42,ood_peak_time,shift_unbounded_historical,m1,q_top_peak,peak_8.0,22,0.35338429731782633,0.31401084354672903,0.3120059927826462,0.2141264807260636,8.0,15
e6e8_eval__E6_extreme_peak_v1__regshift_ood_time_s42,ood_peak_time,shift_unbounded_historical,m2_data,q_top_peak,peak_5.5,29,0.2784633359738628,0.2549226279075828,0.2026440976416741,0.1748054751140949,4.56,25
e6e8_eval__E6_extreme_peak_v1__regshift_ood_time_s42,ood_peak_time,shift_unbounded_historical,m2_data,q_top_peak,peak_6.5,27,0.31904939706829993,0.2908129310039681,0.16449226621113605,0.1103565817840515,5.791666666666667,24
e6e8_eval__E6_extreme_peak_v1__regshift_ood_time_s42,ood_peak_time,shift_unbounded_historical,m2_data,q_top_peak,peak_8.0,22,0.3415832887347436,0.3078370131361551,0.3249322562897579,0.2015939000677998,5.1875,16
e6e8_eval__E6_extreme_peak_v1__regshift_ood_time_s42,ood_peak_time,shift_unbounded_historical,m2_score,q_top_peak,peak_5.5,29,0.2784633359738628,0.2549226279075828,0.2026440976416741,0.1748054751140949,4.56,25
e6e8_eval__E6_extreme_peak_v1__regshift_ood_time_s42,ood_peak_time,shift_unbounded_historical,m2_score,q_top_peak,peak_6.5,27,0.31904939706829993,0.2908129310039681,0.16449226621113605,0.1103565817840515,5.791666666666667,24
e6e8_eval__E6_extreme_peak_v1__regshift_ood_time_s42,ood_peak_time,shift_unbounded_historical,m2_score,q_top_peak,peak_8.0,22,0.3415832887347436,0.3078370131361551,0.3249322562897579,0.2015939000677998,5.1875,16
e6e8_eval__E6_extreme_peaktime_v1__regshift_ood_time_s42,ood_peak_time,shift_unbounded_historical,m1,q_top_peak_time,peaktime_44h,7,0.30683127686708106,0.2703756251998459,0.19379344030214257,0.15630506643781747,18.333333333333332,6
e6e8_eval__E6_extreme_peaktime_v1__regshift_ood_time_s42,ood_peak_time,shift_unbounded_historical,m1,q_top_peak_time,peaktime_45h,8,0.30298679944959206,0.26919154521514066,0.2044835516129665,0.1805404353109441,5.833333333333333,6
e6e8_eval__E6_extreme_peaktime_v1__regshift_ood_time_s42,ood_peak_time,shift_unbounded_historical,m1,q_top_peak_time,peaktime_46h,7,0.22847385127299452,0.18842143890697907,0.1673419681503861,0.09395918325747421,7.714285714285714,7
e6e8_eval__E6_extreme_peaktime_v1__regshift_ood_time_s42,ood_peak_time,shift_unbounded_historical,m1,q_top_peak_time,peaktime_47h,7,0.33226331779281715,0.28644832089303385,0.1950824587846514,0.17093034371057064,13.166666666666666,6
e6e8_eval__E6_extreme_peaktime_v1__regshift_ood_time_s42,ood_peak_time,shift_unbounded_historical,m2_data,q_top_peak_time,peaktime_44h,7,0.3116702495298574,0.2773204781582803,0.18853138662158136,0.14212809048872438,15.166666666666666,6
e6e8_eval__E6_extreme_peaktime_v1__regshift_ood_time_s42,ood_peak_time,shift_unbounded_historical,m2_data,q_top_peak_time,peaktime_45h,8,0.2935986597188913,0.25089940396220667,0.18301869812032245,0.1781021830567706,7.166666666666667,6
e6e8_eval__E6_extreme_peaktime_v1__regshift_ood_time_s42,ood_peak_time,shift_unbounded_historical,m2_data,q_top_peak_time,peaktime_46h,7,0.22641798496902146,0.19165340107615622,0.1624585465020804,0.0957604281026887,9.714285714285714,7
e6e8_eval__E6_extreme_peaktime_v1__regshift_ood_time_s42,ood_peak_time,shift_unbounded_historical,m2_data,q_top_peak_time,peaktime_47h,7,0.3282219226725812,0.28461322830034,0.19664672678905562,0.17346424526988333,13.333333333333334,6
e6e8_eval__E6_extreme_peaktime_v1__regshift_ood_time_s42,ood_peak_time,shift_unbounded_historical,m2_score,q_top_peak_time,peaktime_44h,7,0.3116702495298574,0.2773204781582803,0.18853138662158136,0.14212809048872438,15.166666666666666,6
e6e8_eval__E6_extreme_peaktime_v1__regshift_ood_time_s42,ood_peak_time,shift_unbounded_historical,m2_score,q_top_peak_time,peaktime_45h,8,0.2935986597188913,0.25089940396220667,0.18301869812032245,0.1781021830567706,7.166666666666667,6
e6e8_eval__E6_extreme_peaktime_v1__regshift_ood_time_s42,ood_peak_time,shift_unbounded_historical,m2_score,q_top_peak_time,peaktime_46h,7,0.22641798496902146,0.19165340107615622,0.1624585465020804,0.0957604281026887,9.714285714285714,7
e6e8_eval__E6_extreme_peaktime_v1__regshift_ood_time_s42,ood_peak_time,shift_unbounded_historical,m2_score,q_top_peak_time,peaktime_47h,7,0.3282219226725812,0.28461322830034,0.19664672678905562,0.17346424526988333,13.333333333333334,6
e6e8_eval__E8_joint_shift_v1__regshift_ood_time_s42,ood_peak_time,shift_unbounded_historical,m1,joint_forcing_x_Ks,joint_Ks0.15,9,0.3888574831798499,0.3588970173526001,0.6250808077380141,0.6322177501285219,,0
e6e8_eval__E8_joint_shift_v1__regshift_ood_time_s42,ood_peak_time,shift_unbounded_historical,m1,joint_forcing_x_Ks,joint_Ks40,15,0.2618177568433076,0.2329057554300131,0.16601753137982786,0.10105624348612652,3.0,15
e6e8_eval__E8_joint_shift_v1__regshift_ood_time_s42,ood_peak_time,shift_unbounded_historical,m2_data,joint_forcing_x_Ks,joint_Ks0.15,9,0.38135078419745466,0.319450210073423,0.5296863746430043,0.3891101872738207,,0
e6e8_eval__E8_joint_shift_v1__regshift_ood_time_s42,ood_peak_time,shift_unbounded_historical,m2_data,joint_forcing_x_Ks,joint_Ks40,15,0.2581931876707619,0.23840360716927472,0.1535926413307737,0.0981065379816047,2.4,15
e6e8_eval__E8_joint_shift_v1__regshift_ood_time_s42,ood_peak_time,shift_unbounded_historical,m2_score,joint_forcing_x_Ks,joint_Ks0.15,9,0.38135078419745466,0.319450210073423,0.5296863746430043,0.3891101872738207,,0
e6e8_eval__E8_joint_shift_v1__regshift_ood_time_s42,ood_peak_time,shift_unbounded_historical,m2_score,joint_forcing_x_Ks,joint_Ks40,15,0.2581931876707619,0.23840360716927472,0.1535926413307737,0.0981065379816047,2.4,15
e6e8_eval__E6_extreme_peak_v1__regshift_e0_iid_s42,iid,regshift_bounded,m1,q_top_peak,peak_5.5,29,0.273694475017443,0.2691400238001238,0.27032873513425026,0.2225467071698325,10.28,25
e6e8_eval__E6_extreme_peak_v1__regshift_e0_iid_s42,iid,regshift_bounded,m1,q_top_peak,peak_6.5,27,0.30867079792428204,0.2528164405331798,0.20447804597288777,0.13619244364300762,11.333333333333334,24
e6e8_eval__E6_extreme_peak_v1__regshift_e0_iid_s42,iid,regshift_bounded,m1,q_top_peak,peak_8.0,22,0.35574592216777096,0.28897000630590264,0.29690872899014514,0.24441792911322635,18.055555555555557,18
e6e8_eval__E6_extreme_peak_v1__regshift_e0_iid_s42,iid,regshift_bounded,m2_data,q_top_peak,peak_5.5,29,0.2553985100368445,0.24530447140419243,0.23211276192984218,0.22339361140115585,7.76,25
e6e8_eval__E6_extreme_peak_v1__regshift_e0_iid_s42,iid,regshift_bounded,m2_data,q_top_peak,peak_6.5,27,0.32294011830864777,0.27494522527409815,0.19839974402431368,0.13046292921492703,7.695652173913044,23
e6e8_eval__E6_extreme_peak_v1__regshift_e0_iid_s42,iid,regshift_bounded,m2_data,q_top_peak,peak_8.0,22,0.3618201984748212,0.27825855049591386,0.3027462993286225,0.24830920679649363,10.777777777777779,18
e6e8_eval__E6_extreme_peak_v1__regshift_e0_iid_s42,iid,regshift_bounded,m2_score,q_top_peak,peak_5.5,29,0.26046380505342714,0.24753884553107547,0.21750497176228129,0.20769409750462922,7.64,25
e6e8_eval__E6_extreme_peak_v1__regshift_e0_iid_s42,iid,regshift_bounded,m2_score,q_top_peak,peak_6.5,27,0.3064471343155006,0.29585294166670517,0.18326331929234085,0.11974081570254495,7.0,23
e6e8_eval__E6_extreme_peak_v1__regshift_e0_iid_s42,iid,regshift_bounded,m2_score,q_top_peak,peak_8.0,22,0.36802672758022675,0.3005727199313861,0.2857366488963162,0.24798448262312317,8.352941176470589,17
e6e8_eval__E6_extreme_peaktime_v1__regshift_e0_iid_s42,iid,regshift_bounded,m1,q_top_peak_time,peaktime_44h,7,0.24709685564213285,0.25849681950368036,0.26372090136491794,0.1835113249672177,26.0,6
e6e8_eval__E6_extreme_peaktime_v1__regshift_e0_iid_s42,iid,regshift_bounded,m1,q_top_peak_time,peaktime_45h,8,0.23365553897043084,0.19365211503854418,0.22757128899276724,0.19934681108714333,15.5,6
e6e8_eval__E6_extreme_peaktime_v1__regshift_e0_iid_s42,iid,regshift_bounded,m1,q_top_peak_time,peaktime_46h,7,0.18387388274479152,0.19493788890423355,0.1571486113370776,0.1488570680256057,14.142857142857142,7
e6e8_eval__E6_extreme_peaktime_v1__regshift_e0_iid_s42,iid,regshift_bounded,m1,q_top_peak_time,peaktime_47h,7,0.2657090162385484,0.22037449027489286,0.18600227082093365,0.14498458407314738,11.833333333333334,6
e6e8_eval__E6_extreme_peaktime_v1__regshift_e0_iid_s42,iid,regshift_bounded,m2_data,q_top_peak_time,peaktime_44h,7,0.2724754693958999,0.26242088350178827,0.20911262597537644,0.11753480463642389,23.166666666666668,6
e6e8_eval__E6_extreme_peaktime_v1__regshift_e0_iid_s42,iid,regshift_bounded,m2_data,q_top_peak_time,peaktime_45h,8,0.2411650724963398,0.21713936610182522,0.17873242752442065,0.1348365488758639,6.666666666666667,6
e6e8_eval__E6_extreme_peaktime_v1__regshift_e0_iid_s42,iid,regshift_bounded,m2_data,q_top_peak_time,peaktime_46h,7,0.16344863302986448,0.16798462488126095,0.14957906630408885,0.13067924838779554,7.0,7
e6e8_eval__E6_extreme_peaktime_v1__regshift_e0_iid_s42,iid,regshift_bounded,m2_data,q_top_peak_time,peaktime_47h,7,0.27001185580091497,0.21716032832507431,0.17655289332254137,0.14343460357008062,11.833333333333334,6
e6e8_eval__E6_extreme_peaktime_v1__regshift_e0_iid_s42,iid,regshift_bounded,m2_score,q_top_peak_time,peaktime_44h,7,0.26196034280287744,0.2525964360068931,0.20927982812069737,0.10402962746099,9.333333333333334,6
e6e8_eval__E6_extreme_peaktime_v1__regshift_e0_iid_s42,iid,regshift_bounded,m2_score,q_top_peak_time,peaktime_45h,8,0.26177596760242783,0.26753183625585464,0.1898878968180897,0.15247940138714539,10.5,6
e6e8_eval__E6_extreme_peaktime_v1__regshift_e0_iid_s42,iid,regshift_bounded,m2_score,q_top_peak_time,peaktime_46h,7,0.17051856827849685,0.16414100430903075,0.1591745980546507,0.12527663755954632,8.428571428571429,7
e6e8_eval__E6_extreme_peaktime_v1__regshift_e0_iid_s42,iid,regshift_bounded,m2_score,q_top_peak_time,peaktime_47h,7,0.2933659210588515,0.21958822398081737,0.17382033420669243,0.13410855011343162,10.666666666666666,6
e6e8_eval__E8_joint_shift_v1__regshift_e0_iid_s42,iid,regshift_bounded,m1,joint_forcing_x_Ks,joint_Ks0.15,9,0.5069283902545556,0.45394554504544077,0.8086628585941499,0.6715130355192924,,0
e6e8_eval__E8_joint_shift_v1__regshift_e0_iid_s42,iid,regshift_bounded,m1,joint_forcing_x_Ks,joint_Ks40,15,0.2592645378608527,0.2248907175276307,0.16203957447229028,0.09380913563820237,5.533333333333333,15
e6e8_eval__E8_joint_shift_v1__regshift_e0_iid_s42,iid,regshift_bounded,m2_data,joint_forcing_x_Ks,joint_Ks0.15,9,0.5000464295046722,0.5053540414512709,0.8270247647896252,0.8226950929149446,,0
e6e8_eval__E8_joint_shift_v1__regshift_e0_iid_s42,iid,regshift_bounded,m2_data,joint_forcing_x_Ks,joint_Ks40,15,0.2305546368244377,0.21275052431283925,0.12797074812608814,0.06980122193663786,2.6,15
e6e8_eval__E8_joint_shift_v1__regshift_e0_iid_s42,iid,regshift_bounded,m2_score,joint_forcing_x_Ks,joint_Ks0.15,9,0.4735694451123179,0.4847775499529539,0.8942444761775575,0.848183512470169,,0
e6e8_eval__E8_joint_shift_v1__regshift_e0_iid_s42,iid,regshift_bounded,m2_score,joint_forcing_x_Ks,joint_Ks40,15,0.21914609337118993,0.18236664770830138,0.12648033203615988,0.06365651105110923,1.8666666666666667,15
e6e8_eval__E6_extreme_peak_v1__regshift_e0_ood_peak_s42,ood_peak,regshift_bounded,m1,q_top_peak,peak_5.5,29,0.2711301548409297,0.26507489001864987,0.22021393292523134,0.21781262272686927,8.04,25
e6e8_eval__E6_extreme_peak_v1__regshift_e0_ood_peak_s42,ood_peak,regshift_bounded,m1,q_top_peak,peak_6.5,27,0.29244090544312557,0.27788920284008123,0.14566603604069003,0.11338172135911236,5.166666666666667,24
e6e8_eval__E6_extreme_peak_v1__regshift_e0_ood_peak_s42,ood_peak,regshift_bounded,m1,q_top_peak,peak_8.0,22,0.34736965345338566,0.33852218471727336,0.2683955888466429,0.2318557372639941,12.944444444444445,18
e6e8_eval__E6_extreme_peak_v1__regshift_e0_ood_peak_s42,ood_peak,regshift_bounded,m2_data,q_top_peak,peak_5.5,29,0.25704932979058764,0.23423186920056435,0.2090350061883729,0.17374243950298246,7.8,25
e6e8_eval__E6_extreme_peak_v1__regshift_e0_ood_peak_s42,ood_peak,regshift_bounded,m2_data,q_top_peak,peak_6.5,27,0.3009666196502983,0.3069482729675728,0.18017380069112654,0.12133793209080956,8.75,24
e6e8_eval__E6_extreme_peak_v1__regshift_e0_ood_peak_s42,ood_peak,regshift_bounded,m2_data,q_top_peak,peak_8.0,22,0.3487033729006011,0.32176929357543965,0.263112028321797,0.19690206943973496,14.722222222222221,18
e6e8_eval__E6_extreme_peak_v1__regshift_e0_ood_peak_s42,ood_peak,regshift_bounded,m2_score,q_top_peak,peak_5.5,29,0.25704932979058764,0.23423186920056435,0.2090350061883729,0.17374243950298246,7.8,25
e6e8_eval__E6_extreme_peak_v1__regshift_e0_ood_peak_s42,ood_peak,regshift_bounded,m2_score,q_top_peak,peak_6.5,27,0.3009666196502983,0.3069482729675728,0.18017380069112654,0.12133793209080956,8.75,24
e6e8_eval__E6_extreme_peak_v1__regshift_e0_ood_peak_s42,ood_peak,regshift_bounded,m2_score,q_top_peak,peak_8.0,22,0.3487033729006011,0.32176929357543965,0.263112028321797,0.19690206943973496,14.722222222222221,18
e6e8_eval__E6_extreme_peaktime_v1__regshift_e0_ood_peak_s42,ood_peak,regshift_bounded,m1,q_top_peak_time,peaktime_44h,7,0.24301965123406927,0.2534585787572857,0.17241198493267634,0.16104712791087517,19.333333333333332,6
e6e8_eval__E6_extreme_peaktime_v1__regshift_e0_ood_peak_s42,ood_peak,regshift_bounded,m1,q_top_peak_time,peaktime_45h,8,0.2615802984151418,0.2056282868580495,0.17754910990988407,0.15270739533418026,15.333333333333334,6
e6e8_eval__E6_extreme_peaktime_v1__regshift_e0_ood_peak_s42,ood_peak,regshift_bounded,m1,q_top_peak_time,peaktime_46h,7,0.21039425759134564,0.21765699119355442,0.15960505053257829,0.10745121215245895,10.857142857142858,7
e6e8_eval__E6_extreme_peaktime_v1__regshift_e0_ood_peak_s42,ood_peak,regshift_bounded,m1,q_top_peak_time,peaktime_47h,7,0.27110564870244885,0.2216630353891065,0.1713877607737036,0.13490780328160132,11.666666666666666,6
e6e8_eval__E6_extreme_peaktime_v1__regshift_e0_ood_peak_s42,ood_peak,regshift_bounded,m2_data,q_top_peak_time,peaktime_44h,7,0.2382576837899872,0.2708776929715371,0.16502471887862263,0.1735468658763373,10.666666666666666,6
e6e8_eval__E6_extreme_peaktime_v1__regshift_e0_ood_peak_s42,ood_peak,regshift_bounded,m2_data,q_top_peak_time,peaktime_45h,8,0.2572106737122253,0.20605070243350987,0.17171389444794422,0.13300035697042753,7.833333333333333,6
e6e8_eval__E6_extreme_peaktime_v1__regshift_e0_ood_peak_s42,ood_peak,regshift_bounded,m2_data,q_top_peak_time,peaktime_46h,7,0.21226296982402096,0.20372534710642784,0.11622799099303616,0.09560467710969567,4.857142857142857,7
e6e8_eval__E6_extreme_peaktime_v1__regshift_e0_ood_peak_s42,ood_peak,regshift_bounded,m2_data,q_top_peak_time,peaktime_47h,7,0.23844543777499508,0.19059996366166615,0.16481587505514692,0.1096499908544452,8.833333333333334,6
e6e8_eval__E6_extreme_peaktime_v1__regshift_e0_ood_peak_s42,ood_peak,regshift_bounded,m2_score,q_top_peak_time,peaktime_44h,7,0.2382576837899872,0.2708776929715371,0.16502471887862263,0.1735468658763373,10.666666666666666,6
e6e8_eval__E6_extreme_peaktime_v1__regshift_e0_ood_peak_s42,ood_peak,regshift_bounded,m2_score,q_top_peak_time,peaktime_45h,8,0.2572106737122253,0.20605070243350987,0.17171389444794422,0.13300035697042753,7.833333333333333,6
e6e8_eval__E6_extreme_peaktime_v1__regshift_e0_ood_peak_s42,ood_peak,regshift_bounded,m2_score,q_top_peak_time,peaktime_46h,7,0.21226296982402096,0.20372534710642784,0.11622799099303616,0.09560467710969567,4.857142857142857,7
e6e8_eval__E6_extreme_peaktime_v1__regshift_e0_ood_peak_s42,ood_peak,regshift_bounded,m2_score,q_top_peak_time,peaktime_47h,7,0.23844543777499508,0.19059996366166615,0.16481587505514692,0.1096499908544452,8.833333333333334,6
e6e8_eval__E8_joint_shift_v1__regshift_e0_ood_peak_s42,ood_peak,regshift_bounded,m1,joint_forcing_x_Ks,joint_Ks0.15,9,0.41275615513114833,0.40595106316282276,0.6867069780632608,0.6574404895252378,,0
e6e8_eval__E8_joint_shift_v1__regshift_e0_ood_peak_s42,ood_peak,regshift_bounded,m1,joint_forcing_x_Ks,joint_Ks40,15,0.26040834982497235,0.23404719042105476,0.12115837961080904,0.10637413128670634,4.066666666666666,15
e6e8_eval__E8_joint_shift_v1__regshift_e0_ood_peak_s42,ood_peak,regshift_bounded,m2_data,joint_forcing_x_Ks,joint_Ks0.15,9,0.4557570375678768,0.46102318292921773,0.8210714656491271,0.8836449324370285,,0
e6e8_eval__E8_joint_shift_v1__regshift_e0_ood_peak_s42,ood_peak,regshift_bounded,m2_data,joint_forcing_x_Ks,joint_Ks40,15,0.23900906288110385,0.20766961150243413,0.10997000536424227,0.0889138980238888,3.2666666666666666,15
e6e8_eval__E8_joint_shift_v1__regshift_e0_ood_peak_s42,ood_peak,regshift_bounded,m2_score,joint_forcing_x_Ks,joint_Ks0.15,9,0.4557570375678768,0.46102318292921773,0.8210714656491271,0.8836449324370285,,0
e6e8_eval__E8_joint_shift_v1__regshift_e0_ood_peak_s42,ood_peak,regshift_bounded,m2_score,joint_forcing_x_Ks,joint_Ks40,15,0.23900906288110385,0.20766961150243413,0.10997000536424227,0.0889138980238888,3.2666666666666666,15
e6e8_eval__E6_extreme_peak_v1__regshift_e0_ood_peak_time_s42,ood_peak_time,regshift_bounded,m1,q_top_peak,peak_5.5,29,0.2456036079737144,0.22246003445455034,0.1777126203486252,0.16867020606644362,5.64,25
e6e8_eval__E6_extreme_peak_v1__regshift_e0_ood_peak_time_s42,ood_peak_time,regshift_bounded,m1,q_top_peak,peak_6.5,27,0.2632358179240177,0.2515401494942724,0.1724925278194275,0.12871630316847146,4.5,24
e6e8_eval__E6_extreme_peak_v1__regshift_e0_ood_peak_time_s42,ood_peak_time,regshift_bounded,m1,q_top_peak,peak_8.0,22,0.2874518867351925,0.2507131611469216,0.2286886999074019,0.14805276986355048,7.611111111111111,18
e6e8_eval__E6_extreme_peak_v1__regshift_e0_ood_peak_time_s42,ood_peak_time,regshift_bounded,m2_data,q_top_peak,peak_5.5,29,0.24398062165899145,0.2157074936853866,0.16946806744894877,0.16001553230253282,5.12,25
e6e8_eval__E6_extreme_peak_v1__regshift_e0_ood_peak_time_s42,ood_peak_time,regshift_bounded,m2_data,q_top_peak,peak_6.5,27,0.2592920046784095,0.21436866734508622,0.16418249694188983,0.1367228689154253,5.041666666666667,24
e6e8_eval__E6_extreme_peak_v1__regshift_e0_ood_peak_time_s42,ood_peak_time,regshift_bounded,m2_data,q_top_peak,peak_8.0,22,0.2797671899197542,0.2539206814590049,0.23028594344176237,0.168238611796242,6.055555555555555,18
e6e8_eval__E6_extreme_peak_v1__regshift_e0_ood_peak_time_s42,ood_peak_time,regshift_bounded,m2_phase2_score,q_top_peak,peak_5.5,29,0.2540510658445103,0.2321727670269382,0.1826835899776664,0.17117981809062188,9.32,25
e6e8_eval__E6_extreme_peak_v1__regshift_e0_ood_peak_time_s42,ood_peak_time,regshift_bounded,m2_phase2_score,q_top_peak,peak_6.5,27,0.2706234901151942,0.25714952359122817,0.19221761549954502,0.15630013966261758,15.208333333333334,24
e6e8_eval__E6_extreme_peak_v1__regshift_e0_ood_peak_time_s42,ood_peak_time,regshift_bounded,m2_phase2_score,q_top_peak,peak_8.0,22,0.2927638842220981,0.26208748855429387,0.28026531135082267,0.2187808044740413,16.944444444444443,18
e6e8_eval__E6_extreme_peak_v1__regshift_e0_ood_peak_time_s42,ood_peak_time,regshift_bounded,m2_score,q_top_peak,peak_5.5,29,0.2540510658445103,0.2321727670269382,0.1826835899776664,0.17117981809062188,9.32,25
e6e8_eval__E6_extreme_peak_v1__regshift_e0_ood_peak_time_s42,ood_peak_time,regshift_bounded,m2_score,q_top_peak,peak_6.5,27,0.2706234901151942,0.25714952359122817,0.19221761549954502,0.15630013966261758,15.208333333333334,24
e6e8_eval__E6_extreme_peak_v1__regshift_e0_ood_peak_time_s42,ood_peak_time,regshift_bounded,m2_score,q_top_peak,peak_8.0,22,0.2927638842220981,0.26208748855429387,0.28026531135082267,0.2187808044740413,16.944444444444443,18
e6e8_eval__E6_extreme_peaktime_v1__regshift_e0_ood_peak_time_s42,ood_peak_time,regshift_bounded,m1,q_top_peak_time,peaktime_44h,7,0.23010471755825515,0.2002846622791813,0.18544202874081667,0.13811549758568076,6.833333333333333,6
e6e8_eval__E6_extreme_peaktime_v1__regshift_e0_ood_peak_time_s42,ood_peak_time,regshift_bounded,m1,q_top_peak_time,peaktime_45h,8,0.25326831853562937,0.17930080776396704,0.17086509182181195,0.1349978194831185,3.3333333333333335,6
e6e8_eval__E6_extreme_peaktime_v1__regshift_e0_ood_peak_time_s42,ood_peak_time,regshift_bounded,m1,q_top_peak_time,peaktime_46h,7,0.18103396564664137,0.194638459167683,0.14324336360306522,0.08633433088570558,8.428571428571429,7
e6e8_eval__E6_extreme_peaktime_v1__regshift_e0_ood_peak_time_s42,ood_peak_time,regshift_bounded,m1,q_top_peak_time,peaktime_47h,7,0.2640325742098288,0.24646676517120308,0.1910149903868681,0.16709534306324744,8.666666666666666,6
e6e8_eval__E6_extreme_peaktime_v1__regshift_e0_ood_peak_time_s42,ood_peak_time,regshift_bounded,m2_data,q_top_peak_time,peaktime_44h,7,0.2319279661932521,0.19794138250563587,0.1834377703723831,0.13003959873075227,7.0,6
e6e8_eval__E6_extreme_peaktime_v1__regshift_e0_ood_peak_time_s42,ood_peak_time,regshift_bounded,m2_data,q_top_peak_time,peaktime_45h,8,0.2543424367705875,0.19710245345380228,0.172221346546331,0.1382394452912621,4.5,6
e6e8_eval__E6_extreme_peaktime_v1__regshift_e0_ood_peak_time_s42,ood_peak_time,regshift_bounded,m2_data,q_top_peak_time,peaktime_46h,7,0.18516825689279734,0.19090544169634674,0.1015873551386102,0.10010101707949759,7.0,7
e6e8_eval__E6_extreme_peaktime_v1__regshift_e0_ood_peak_time_s42,ood_peak_time,regshift_bounded,m2_data,q_top_peak_time,peaktime_47h,7,0.26971499562458684,0.255751630128336,0.20640849246753482,0.14599643387541703,9.333333333333334,6
e6e8_eval__E6_extreme_peaktime_v1__regshift_e0_ood_peak_time_s42,ood_peak_time,regshift_bounded,m2_phase2_score,q_top_peak_time,peaktime_44h,7,0.2420971856085165,0.23225698914414655,0.19023101014624064,0.19836110273477445,22.833333333333332,6
e6e8_eval__E6_extreme_peaktime_v1__regshift_e0_ood_peak_time_s42,ood_peak_time,regshift_bounded,m2_phase2_score,q_top_peak_time,peaktime_45h,8,0.2714613423262998,0.23186697874462786,0.23084656832232361,0.201178264738212,17.166666666666668,6
e6e8_eval__E6_extreme_peaktime_v1__regshift_e0_ood_peak_time_s42,ood_peak_time,regshift_bounded,m2_phase2_score,q_top_peak_time,peaktime_46h,7,0.2009701164340014,0.1974243758053331,0.12207393147196902,0.1386415971764209,12.0,7
e6e8_eval__E6_extreme_peaktime_v1__regshift_e0_ood_peak_time_s42,ood_peak_time,regshift_bounded,m2_phase2_score,q_top_peak_time,peaktime_47h,7,0.28373456493075927,0.26240307993659573,0.22418340063077255,0.15899437148009188,14.0,6
e6e8_eval__E6_extreme_peaktime_v1__regshift_e0_ood_peak_time_s42,ood_peak_time,regshift_bounded,m2_score,q_top_peak_time,peaktime_44h,7,0.2420971856085165,0.23225698914414655,0.19023101014624064,0.19836110273477445,22.833333333333332,6
e6e8_eval__E6_extreme_peaktime_v1__regshift_e0_ood_peak_time_s42,ood_peak_time,regshift_bounded,m2_score,q_top_peak_time,peaktime_45h,8,0.2714613423262998,0.23186697874462786,0.23084656832232361,0.201178264738212,17.166666666666668,6
e6e8_eval__E6_extreme_peaktime_v1__regshift_e0_ood_peak_time_s42,ood_peak_time,regshift_bounded,m2_score,q_top_peak_time,peaktime_46h,7,0.2009701164340014,0.1974243758053331,0.12207393147196902,0.1386415971764209,12.0,7
e6e8_eval__E6_extreme_peaktime_v1__regshift_e0_ood_peak_time_s42,ood_peak_time,regshift_bounded,m2_score,q_top_peak_time,peaktime_47h,7,0.28373456493075927,0.26240307993659573,0.22418340063077255,0.15899437148009188,14.0,6
e6e8_eval__E8_joint_shift_v1__regshift_e0_ood_peak_time_s42,ood_peak_time,regshift_bounded,m1,joint_forcing_x_Ks,joint_Ks0.15,9,0.349362791254187,0.37982829074251595,0.6489366744321237,0.642616131958748,,0
e6e8_eval__E8_joint_shift_v1__regshift_e0_ood_peak_time_s42,ood_peak_time,regshift_bounded,m1,joint_forcing_x_Ks,joint_Ks40,15,0.2356428857894697,0.21286106202998972,0.10741674070077149,0.08638777603969364,1.8,15
e6e8_eval__E8_joint_shift_v1__regshift_e0_ood_peak_time_s42,ood_peak_time,regshift_bounded,m2_data,joint_forcing_x_Ks,joint_Ks0.15,9,0.34112216950197327,0.37226647325620654,0.641605397012045,0.6392739069638332,,0
e6e8_eval__E8_joint_shift_v1__regshift_e0_ood_peak_time_s42,ood_peak_time,regshift_bounded,m2_data,joint_forcing_x_Ks,joint_Ks40,15,0.23837658081207438,0.22640144553391078,0.09861093970892867,0.08250496111797007,1.9333333333333333,15
e6e8_eval__E8_joint_shift_v1__regshift_e0_ood_peak_time_s42,ood_peak_time,regshift_bounded,m2_phase2_score,joint_forcing_x_Ks,joint_Ks0.15,9,0.342369442423006,0.3720337408572415,0.7316331450811417,0.7825491332297801,,0
e6e8_eval__E8_joint_shift_v1__regshift_e0_ood_peak_time_s42,ood_peak_time,regshift_bounded,m2_phase2_score,joint_forcing_x_Ks,joint_Ks40,15,0.24178845820682565,0.22822981754666488,0.10340428656573186,0.07655786223395727,1.7333333333333334,15
e6e8_eval__E8_joint_shift_v1__regshift_e0_ood_peak_time_s42,ood_peak_time,regshift_bounded,m2_score,joint_forcing_x_Ks,joint_Ks0.15,9,0.342369442423006,0.3720337408572415,0.7316331450811417,0.7825491332297801,,0
e6e8_eval__E8_joint_shift_v1__regshift_e0_ood_peak_time_s42,ood_peak_time,regshift_bounded,m2_score,joint_forcing_x_Ks,joint_Ks40,15,0.24178845820682565,0.22822981754666488,0.10340428656573186,0.07655786223395727,1.7333333333333334,15
