scenario,family,model,axis,n_bins,slope_rel_l2_c_per_rank,spearman_rank_corr,strictly_nondecreasing,rel_l2_c_by_rank
iid,deeponet_baseline,fnn,joint_forcing_x_Ks,2,-0.8982537366965707,-0.9999999999999999,False,1:0.9916;2:0.0934
iid,deeponet_baseline,fnn,q_top_peak,7,0.024813961446803902,0.8928571428571429,False,0:0.1459;1:0.1145;2:0.1544;3:0.1504;4:0.2025;5:0.1637;6:0.3287
iid,deeponet_baseline,fnn,q_top_peak_time,6,0.0011648418694157347,-0.028571428571428574,False,0:0.1512;3:0.1227;4:0.1818;5:0.1980;6:0.1354;7:0.1504
iid,deeponet_baseline,fno,joint_forcing_x_Ks,2,-2.4674519142727545,-0.9999999999999999,False,1:3.0110;2:0.5435
iid,deeponet_baseline,fno,q_top_peak,7,0.038468374524094046,0.42857142857142866,False,0:0.6602;1:0.5630;2:0.7572;3:0.6449;4:0.8271;5:0.5905;6:0.9777
iid,deeponet_baseline,fno,q_top_peak_time,6,0.1013961663701294,0.7714285714285715,False,0:0.6586;3:0.6466;4:0.5044;5:0.8622;6:1.0024;7:1.4657
iid,deeponet_baseline,m1,joint_forcing_x_Ks,2,-0.8692526198885099,-0.9999999999999999,False,1:1.1168;2:0.2475
iid,deeponet_baseline,m1,q_top_peak,7,0.04938298528364761,0.7142857142857144,False,0:0.1993;1:0.1920;2:0.2311;3:0.1838;4:0.3549;5:0.3199;6:0.5337
iid,deeponet_baseline,m1,q_top_peak_time,6,0.03598763139231682,0.48571428571428577,False,0:0.2017;3:0.1930;4:0.5176;5:0.5211;6:0.3327;7:0.4297
iid,deeponet_baseline,m2_data,joint_forcing_x_Ks,2,-0.8948796764087438,-0.9999999999999999,False,1:1.0191;2:0.1242
iid,deeponet_baseline,m2_data,q_top_peak,7,0.05327297490351856,0.9285714285714288,False,0:0.1104;1:0.1009;2:0.1488;3:0.1131;4:0.2658;5:0.2760;6:0.4519
iid,deeponet_baseline,m2_data,q_top_peak_time,6,0.026778916117263084,0.48571428571428577,False,0:0.1120;3:0.1085;4:0.3623;5:0.4079;6:0.1918;7:0.2780
iid,deeponet_baseline,m2_score,joint_forcing_x_Ks,2,-0.7579130120241268,-0.9999999999999999,False,1:0.9127;2:0.1547
iid,deeponet_baseline,m2_score,q_top_peak,7,0.061848730309623866,0.8928571428571429,False,0:0.1218;1:0.1175;2:0.1605;3:0.1220;4:0.3042;5:0.2930;6:0.5342
iid,deeponet_baseline,m2_score,q_top_peak_time,6,0.03032312768609687,0.48571428571428577,False,0:0.1237;3:0.1203;4:0.4056;5:0.4071;6:0.2078;7:0.3311
iid,regshift_bounded,m1,joint_forcing_x_Ks,2,-0.6466232841218593,-0.9999999999999999,False,1:0.8087;2:0.1620
iid,regshift_bounded,m1,q_top_peak,7,0.03347625801999996,0.7857142857142859,False,0:0.1066;1:0.0891;2:0.1346;3:0.0957;4:0.2703;5:0.2045;6:0.2969
iid,regshift_bounded,m1,q_top_peak_time,6,0.012696904317343945,0.4285714285714286,False,0:0.1113;3:0.0906;4:0.2637;5:0.2276;6:0.1571;7:0.1860
iid,regshift_bounded,m2_data,joint_forcing_x_Ks,2,-0.6990540166635368,-0.9999999999999999,False,1:0.8270;2:0.1280
iid,regshift_bounded,m2_data,q_top_peak,7,0.035989239515321944,0.7142857142857144,False,0:0.0929;1:0.0660;2:0.1186;3:0.0658;4:0.2321;5:0.1984;6:0.3027
iid,regshift_bounded,m2_data,q_top_peak_time,6,0.012931763362523788,0.4285714285714286,False,0:0.0967;3:0.0746;4:0.2091;5:0.1787;6:0.1496;7:0.1766
iid,regshift_bounded,m2_score,joint_forcing_x_Ks,2,-0.7677641441413976,-0.9999999999999999,False,1:0.8942;2:0.1265
iid,regshift_bounded,m2_score,q_top_peak,3,0.03411583856701743,0.5,False,4:0.2175;5:0.1833;6:0.2857
iid,regshift_bounded,m2_score,q_top_peak_time,4,-0.013709178050545405,-0.7999999999999999,False,4:0.2093;5:0.1899;6:0.1592;7:0.1738
iid,shift_unbounded,m1,joint_forcing_x_Ks,2,-0.6561081306613729,-0.9999999999999999,False,1:0.8744;2:0.2183
iid,shift_unbounded,m1,q_top_peak,7,0.04882349006983315,0.8928571428571429,False,0:0.1616;1:0.1465;2:0.2008;3:0.1656;4:0.3044;5:0.2966;6:0.4827
iid,shift_unbounded,m1,q_top_peak_time,6,0.05099726627036686,0.942857142857143,False,0:0.1630;3:0.1589;4:0.3068;5:0.3301;6:0.3516;7:0.5535
iid,shift_unbounded,m2_data,joint_forcing_x_Ks,2,-0.7249080566335168,-0.9999999999999999,False,1:0.8829;2:0.1580
iid,shift_unbounded,m2_data,q_top_peak,7,0.04087810965091958,0.7500000000000002,False,0:0.1075;1:0.0877;2:0.0952;3:0.0994;4:0.2385;5:0.2369;6:0.3418
iid,shift_unbounded,m2_data,q_top_peak_time,6,0.02117795143018577,0.942857142857143,False,0:0.1109;3:0.0890;4:0.2027;5:0.2126;6:0.2159;7:0.2399
iid,shift_unbounded,m2_score,joint_forcing_x_Ks,2,-0.6808762272266182,-0.9999999999999999,False,1:0.8407;2:0.1598
iid,shift_unbounded,m2_score,q_top_peak,3,0.06522018318183044,0.5,False,4:0.2611;5:0.2449;6:0.3915
iid,shift_unbounded,m2_score,q_top_peak_time,4,0.015597549388257394,1.0,True,4:0.2036;5:0.2052;6:0.2103;7:0.2539
iid,shift_unbounded_historical,m1,joint_forcing_x_Ks,2,-0.22602615273713073,-0.9999999999999999,False,1:0.3639;2:0.1379
iid,shift_unbounded_historical,m1,q_top_peak,3,0.06084727030399494,0.5,False,4:0.2033;5:0.1692;6:0.3250
iid,shift_unbounded_historical,m1,q_top_peak_time,4,-0.004303715695807724,-0.39999999999999997,False,4:0.1616;5:0.1494;6:0.1308;7:0.1534
iid,shift_unbounded_historical,m2_data,joint_forcing_x_Ks,2,-0.22985069171842132,-0.9999999999999999,False,1:0.3581;2:0.1283
iid,shift_unbounded_historical,m2_data,q_top_peak,3,0.06701869257097673,0.5,False,4:0.1936;5:0.1678;6:0.3276
iid,shift_unbounded_historical,m2_data,q_top_peak_time,4,-0.007062139988035028,-0.7999999999999999,False,4:0.1553;5:0.1397;6:0.1208;7:0.1380
iid,shift_unbounded_historical,m2_score,joint_forcing_x_Ks,2,-0.22899016345416898,-0.9999999999999999,False,1:0.3571;2:0.1281
iid,shift_unbounded_historical,m2_score,q_top_peak,3,0.06501643546501788,0.5,False,4:0.1943;5:0.1703;6:0.3243
iid,shift_unbounded_historical,m2_score,q_top_peak_time,4,-2.8544443871442172e-05,0.19999999999999998,False,4:0.1653;5:0.1414;6:0.1372;7:0.1666
ood_peak,deeponet_baseline,m1,joint_forcing_x_Ks,2,-0.9511469295169523,-0.9999999999999999,False,1:1.0763;2:0.1251
ood_peak,deeponet_baseline,m1,q_top_peak,6,0.03140064176485259,0.8857142857142858,False,1:0.1160;2:0.1535;3:0.1361;4:0.2174;5:0.1959;6:0.2941
ood_peak,deeponet_baseline,m1,q_top_peak_time,6,0.01583065238651633,0.8285714285714287,False,0:0.1229;3:0.1548;4:0.1975;5:0.2416;6:0.2150;7:0.2183
ood_peak,deeponet_baseline,m2_data,joint_forcing_x_Ks,2,-0.8126875158197514,-0.9999999999999999,False,1:0.9262;2:0.1135
ood_peak,deeponet_baseline,m2_data,q_top_peak,6,0.032552495579508456,0.8857142857142858,False,1:0.1022;2:0.1446;3:0.1059;4:0.2158;5:0.1677;6:0.2943
ood_peak,deeponet_baseline,m2_data,q_top_peak_time,6,0.010320862724153957,0.5428571428571429,False,0:0.1068;3:0.1416;4:0.1876;5:0.2269;6:0.1515;7:0.1740
ood_peak,deeponet_baseline,m2_score,joint_forcing_x_Ks,2,-0.8126875158197514,-0.9999999999999999,False,1:0.9262;2:0.1135
ood_peak,deeponet_baseline,m2_score,q_top_peak,6,0.032552495579508456,0.8857142857142858,False,1:0.1022;2:0.1446;3:0.1059;4:0.2158;5:0.1677;6:0.2943
ood_peak,deeponet_baseline,m2_score,q_top_peak_time,6,0.010320862724153957,0.5428571428571429,False,0:0.1068;3:0.1416;4:0.1876;5:0.2269;6:0.1515;7:0.1740
ood_peak,regshift_bounded,m1,joint_forcing_x_Ks,2,-0.5655485984524515,-0.9999999999999999,False,1:0.6867;2:0.1212
ood_peak,regshift_bounded,m1,q_top_peak,6,0.030270298673796162,0.8857142857142858,False,1:0.0948;2:0.1165;3:0.1164;4:0.2202;5:0.1457;6:0.2684
ood_peak,regshift_bounded,m1,q_top_peak_time,6,0.010921931892659026,0.5428571428571429,False,0:0.1024;3:0.1147;4:0.1724;5:0.1775;6:0.1596;7:0.1714
ood_peak,regshift_bounded,m2_data,joint_forcing_x_Ks,2,-0.7111014602848847,-0.9999999999999999,False,1:0.8211;2:0.1100
ood_peak,regshift_bounded,m2_data,q_top_peak,6,0.03419549166232209,0.942857142857143,False,1:0.0875;2:0.1072;3:0.1092;4:0.2090;5:0.1802;6:0.2631
ood_peak,regshift_bounded,m2_data,q_top_peak_time,6,0.009006372933421226,0.5428571428571429,False,0:0.0942;3:0.1076;4:0.1650;5:0.1717;6:0.1162;7:0.1648
ood_peak,regshift_bounded,m2_score,joint_forcing_x_Ks,2,-0.7111014602848847,-0.9999999999999999,False,1:0.8211;2:0.1100
ood_peak,regshift_bounded,m2_score,q_top_peak,3,0.027038511066712016,0.5,False,4:0.2090;5:0.1802;6:0.2631
ood_peak,regshift_bounded,m2_score,q_top_peak_time,4,-0.005611243492533542,-0.6000000000000001,False,4:0.1650;5:0.1717;6:0.1162;7:0.1648
ood_peak,shift_unbounded,m1,joint_forcing_x_Ks,2,-0.867723964211624,-0.9999999999999999,False,1:1.0495;2:0.1818
ood_peak,shift_unbounded,m1,q_top_peak,6,0.04653369082025543,0.942857142857143,False,1:0.1743;2:0.1790;3:0.2023;4:0.3124;5:0.2890;6:0.4120
ood_peak,shift_unbounded,m1,q_top_peak_time,6,0.034538368956450995,1.0,True,0:0.1766;3:0.1918;4:0.2250;5:0.2982;6:0.3075;7:0.4411
ood_peak,shift_unbounded,m2_data,joint_forcing_x_Ks,2,-0.6103799006283313,-0.9999999999999999,False,1:0.7437;2:0.1333
ood_peak,shift_unbounded,m2_data,q_top_peak,6,0.061187007050180944,0.942857142857143,False,1:0.0690;2:0.0796;3:0.0925;4:0.2366;5:0.2290;6:0.3788
ood_peak,shift_unbounded,m2_data,q_top_peak_time,6,0.02152600064938735,0.942857142857143,False,0:0.0762;3:0.0788;4:0.1559;5:0.2004;6:0.1809;7:0.2118
ood_peak,shift_unbounded,m2_score,joint_forcing_x_Ks,2,-0.6315601436581286,-0.9999999999999999,False,1:0.7496;2:0.1180
ood_peak,shift_unbounded,m2_score,q_top_peak,3,0.0706654367145839,0.5,False,4:0.2501;5:0.2388;6:0.3915
ood_peak,shift_unbounded,m2_score,q_top_peak_time,4,0.005622252318308862,0.39999999999999997,False,4:0.1703;5:0.2153;6:0.1894;7:0.1977
ood_peak,shift_unbounded_historical,m1,joint_forcing_x_Ks,2,-0.5382822774756552,-0.9999999999999999,False,1:0.6325;2:0.0942
ood_peak,shift_unbounded_historical,m1,q_top_peak,3,0.039530522785459994,0.5,False,4:0.1951;5:0.1896;6:0.2742
ood_peak,shift_unbounded_historical,m1,q_top_peak_time,4,-0.006862228243696985,0.0,False,4:0.1563;5:0.2083;6:0.1237;7:0.1617
ood_peak,shift_unbounded_historical,m2_data,joint_forcing_x_Ks,2,-0.5685089641948091,-0.9999999999999999,False,1:0.6624;2:0.0938
ood_peak,shift_unbounded_historical,m2_data,q_top_peak,3,0.028018836389016713,0.5,False,4:0.2110;5:0.1974;6:0.2671
ood_peak,shift_unbounded_historical,m2_data,q_top_peak_time,4,-0.0112626896393899,-0.6000000000000001,False,4:0.1693;5:0.1965;6:0.1374;7:0.1515
ood_peak,shift_unbounded_historical,m2_score,joint_forcing_x_Ks,2,-0.5685089641948091,-0.9999999999999999,False,1:0.6624;2:0.0938
ood_peak,shift_unbounded_historical,m2_score,q_top_peak,3,0.028018836389016713,0.5,False,4:0.2110;5:0.1974;6:0.2671
ood_peak,shift_unbounded_historical,m2_score,q_top_peak_time,4,-0.0112626896393899,-0.6000000000000001,False,4:0.1693;5:0.1965;6:0.1374;7:0.1515
ood_peak_time,deeponet_baseline,m1,joint_forcing_x_Ks,2,-0.7491301343429995,-0.9999999999999999,False,1:0.8785;2:0.1294
ood_peak_time,deeponet_baseline,m1,q_top_peak,7,0.037501584923929875,0.9285714285714288,False,0:0.1065;1:0.0408;2:0.1453;3:0.1067;4:0.2148;5:0.2283;6:0.3083
ood_peak_time,deeponet_baseline,m1,q_top_peak_time,5,0.020826681933790316,0.7,False,3:0.1068;4:0.1870;5:0.2437;6:0.1947;7:0.2071
ood_peak_time,deeponet_baseline,m2_data,joint_forcing_x_Ks,2,-0.6444334658842892,-0.9999999999999999,False,1:0.7648;2:0.1204
ood_peak_time,deeponet_baseline,m2_data,q_top_peak,7,0.04055290868552284,0.8214285714285715,False,0:0.0940;1:0.0297;2:0.1068;3:0.0933;4:0.2121;5:0.2226;6:0.3087
ood_peak_time,deeponet_baseline,m2_data,q_top_peak_time,5,0.019855502045531295,0.49999999999999994,False,3:0.0929;4:0.1705;5:0.2251;6:0.1623;7:0.1963
ood_peak_time,deeponet_baseline,m2_score,joint_forcing_x_Ks,2,-0.6444334658842892,-0.9999999999999999,False,1:0.7648;2:0.1204
ood_peak_time,deeponet_baseline,m2_score,q_top_peak,7,0.04055290868552284,0.8214285714285715,False,0:0.0940;1:0.0297;2:0.1068;3:0.0933;4:0.2121;5:0.2226;6:0.3087
ood_peak_time,deeponet_baseline,m2_score,q_top_peak_time,5,0.019855502045531295,0.49999999999999994,False,3:0.0929;4:0.1705;5:0.2251;6:0.1623;7:0.1963
ood_peak_time,regshift_bounded,m1,joint_forcing_x_Ks,2,-0.5415199337313518,-0.9999999999999999,False,1:0.6489;2:0.1074
ood_peak_time,regshift_bounded,m1,q_top_peak,7,0.02515429441890352,0.7857142857142859,False,0:0.1053;1:0.0409;2:0.1068;3:0.0884;4:0.1777;5:0.1725;6:0.2287
ood_peak_time,regshift_bounded,m1,q_top_peak_time,5,0.013337869544706293,0.6,False,3:0.1032;4:0.1854;5:0.1709;6:0.1432;7:0.1910
ood_peak_time,regshift_bounded,m2_data,joint_forcing_x_Ks,2,-0.5429944573031162,-0.9999999999999999,False,1:0.6416;2:0.0986
ood_peak_time,regshift_bounded,m2_data,q_top_peak,7,0.025738105795506082,0.7500000000000002,False,0:0.1012;1:0.0356;2:0.0932;3:0.0951;4:0.1695;5:0.1642;6:0.2303
ood_peak_time,regshift_bounded,m2_data,q_top_peak_time,5,0.013313364451816058,0.6,False,3:0.0989;4:0.1834;5:0.1722;6:0.1016;7:0.2064
ood_peak_time,regshift_bounded,m2_phase2_score,joint_forcing_x_Ks,2,-0.6282288585154097,-0.9999999999999999,False,1:0.7316;2:0.1034
ood_peak_time,regshift_bounded,m2_phase2_score,q_top_peak,3,0.04879086068657811,1.0,True,4:0.1827;5:0.1922;6:0.2803
ood_peak_time,regshift_bounded,m2_phase2_score,q_top_peak_time,4,-0.0006915465396759109,0.0,False,4:0.1902;5:0.2308;6:0.1221;7:0.2242
ood_peak_time,regshift_bounded,m2_score,joint_forcing_x_Ks,2,-0.6282288585154097,-0.9999999999999999,False,1:0.7316;2:0.1034
ood_peak_time,regshift_bounded,m2_score,q_top_peak,3,0.04879086068657811,1.0,True,4:0.1827;5:0.1922;6:0.2803
ood_peak_time,regshift_bounded,m2_score,q_top_peak_time,4,-0.0006915465396759109,0.0,False,4:0.1902;5:0.2308;6:0.1221;7:0.2242
ood_peak_time,shift_unbounded_historical,m1,joint_forcing_x_Ks,2,-0.45906327635818617,-0.9999999999999999,False,1:0.6251;2:0.1660
ood_peak_time,shift_unbounded_historical,m1,q_top_peak,3,0.0498640141271885,0.5,False,4:0.2123;5:0.1646;6:0.3120
ood_peak_time,shift_unbounded_historical,m1,q_top_peak_time,4,-0.003327452801505417,0.0,False,4:0.1938;5:0.2045;6:0.1673;7:0.1951
ood_peak_time,shift_unbounded_historical,m2_data,joint_forcing_x_Ks,2,-0.3760937333122305,-0.9999999999999999,False,1:0.5297;2:0.1536
ood_peak_time,shift_unbounded_historical,m2_data,q_top_peak,3,0.06114407932404185,0.5,False,4:0.2026;5:0.1645;6:0.3249
ood_peak_time,shift_unbounded_historical,m2_data,q_top_peak_time,4,0.0003785868884180613,0.19999999999999998,False,4:0.1885;5:0.1830;6:0.1625;7:0.1966
ood_peak_time,shift_unbounded_historical,m2_score,joint_forcing_x_Ks,2,-0.3760937333122305,-0.9999999999999999,False,1:0.5297;2:0.1536
ood_peak_time,shift_unbounded_historical,m2_score,q_top_peak,3,0.06114407932404185,0.5,False,4:0.2026;5:0.1645;6:0.3249
ood_peak_time,shift_unbounded_historical,m2_score,q_top_peak_time,4,0.0003785868884180613,0.19999999999999998,False,4:0.1885;5:0.1830;6:0.1625;7:0.1966
