sample_id,theta_r,theta_s,alpha,n_vg,K_s,D_L,q_top_00,q_top_01,q_top_02,q_top_03,q_top_04,q_top_05,q_top_06,q_top_07,q_top_08,q_top_09,q_top_10,q_top_11,q_top_12,q_top_13,q_top_14,q_top_15,q_top_16,q_top_17,q_top_18,q_top_19,q_top_20,q_top_21,q_top_22,q_top_23,q_top_24,q_top_25,q_top_26,q_top_27,q_top_28,q_top_29,q_top_30,q_top_31,q_top_32,q_top_33,q_top_34,q_top_35,q_top_36,q_top_37,q_top_38,q_top_39,q_top_40,q_top_41,q_top_42,q_top_43,q_top_44,q_top_45,q_top_46,q_top_47,c_top,q_top_mean,q_top_peak,q_top_std,q_top_total,q_top_peak_time,split,split_mode,is_ood,ood_parameter,ood_quantile,ood_tail,severity_group,target_value
0,0.0917832259411,0.410561695762,0.0573263503149,2.49934232688,0.252150560749,5.91878714069,3.11822399839,3.31670533186,3.51518666533,3.71366799879,3.91214933226,4.11063066573,4.3091119992,4.50759333266,4.70607466613,4.9045559996,5.10303733307,5.30151866653,5.5,1.73229463144,1.58313068525,1.43396673907,1.28480279288,1.13563884669,0.986474900504,0.837310954317,0.688147008129,0.538983061942,0.389819115755,0.240655169567,0.462309022408,0.683962875248,0.905616728088,1.12727058093,1.34892443377,1.57057828661,1.79223213945,2.01388599229,2.23553984513,2.45719369797,2.67884755081,2.90050140365,3.12215525649,3.34380910933,3.56546296217,3.78711681501,4.00877066785,4.2304245207,4.45207837354,3.91849107736,3.38490378118,2.851316485,2.31772918882,1.78414189264,0.783798612582,2.66276963712,5.5,1.4971843749,127.812942582,12,test,ood,True,q_top_peak,,high,peak_5.5,5.5
1,0.0722185885586,0.507161283707,0.074899859957,2.18469340765,0.462421997216,19.4654958383,0.493616576579,0.852705705649,1.21179483472,1.57088396379,1.92997309286,2.28906222193,2.648151351,3.00724048007,3.36334898292,3.71945748576,4.07556598861,4.43167449146,4.78778299431,5.14389149715,5.5,4.78736593509,4.07473187017,3.36209780526,2.64946374034,1.93682967543,2.96416312602,3.01526016992,3.06635721382,3.11745425773,3.16855130163,3.21964834553,3.27074538943,3.32184243333,3.37293947723,3.42403652114,3.47513356504,3.52623060894,3.57732765284,3.62842469674,3.67952174065,3.73061878455,3.78171582845,3.83281287235,3.88390991625,3.93500696015,3.98610400406,4.03720104796,4.08829809186,4.13939513576,4.19049217966,4.24158922357,4.29268626747,4.34378331137,0.311972913777,3.41972685034,5.5,1.01887180589,164.146888817,14,test,ood,True,q_top_peak,,high,peak_5.5,5.5
2,0.0883653331147,0.38419413608,0.00930812525277,1.44724243601,2.04865919069,5.30211210326,4.53288150646,4.34877141285,4.16466131924,3.98055122563,3.79644113203,3.61233103842,3.42822094481,3.2441108512,3.06000075759,2.87589066399,2.69178057038,2.50767047677,2.32356038316,2.13945028955,1.95534019595,1.77123010234,1.58712000873,1.40300991512,1.21889982151,1.48646858267,1.75403734383,2.02160610498,2.28917486614,2.55674362729,2.82431238845,3.0918811496,3.35944991076,3.62701867191,3.89458743307,4.16215619422,4.42972495538,4.69729371653,4.96486247769,5.23243123884,5.5,4.18988999688,2.87977999376,1.56966999064,1.58703815913,1.60440632761,1.62177449609,1.63914266457,1.65651083305,1.45572100291,1.25493117277,1.05414134263,0.853351512485,0.652561682342,0.48510742962,2.76151230108,5.5,1.27008368223,132.552590452,34,test,ood,True,q_top_peak,,high,peak_5.5,5.5
3,0.076394208872,0.478060913628,0.141002815293,2.3361612111,0.322588989257,13.7992884409,0.583726787911,0.555520279845,0.527313771779,0.499107263713,0.470900755647,0.442694247581,0.414487739515,0.386281231449,0.358074723383,0.329868215317,0.301661707251,0.273455199185,0.245248691119,0.217042183053,0.188835674987,2.13843489401,4.08803411304,3.88461564293,3.68119717281,3.4777787027,3.27436023258,3.07094176247,2.86752329235,2.66410482224,2.46068635212,2.25726788201,2.05384941189,1.85043094178,1.64701247166,1.44359400155,1.24017553143,1.03675706131,0.8333385912,0.629920121085,0.426501650969,1.27208470914,2.11766776731,2.96325082548,3.80883388366,4.65441694183,5.5,5.31608868758,5.13217737516,4.94826606273,4.76435475031,4.58044343789,4.39653212547,4.21262081305,0.519538526795,2.17682251049,5.5,1.71466787209,104.487480503,40,test,ood,True,q_top_peak,,high,peak_5.5,5.5
4,0.0564311637164,0.36407305672,0.047049435794,1.2235348337,1.31557921685,7.37809249774,1.5327776428,1.71310593177,1.89343422073,2.07376250969,2.25409079866,2.43441908762,2.61474737658,2.79507566555,2.97540395451,3.15573224347,3.33606053244,3.5163888214,3.69671711036,3.87704539933,4.05737368829,4.23770197726,4.41803026622,4.59835855518,4.77868684415,4.95901513311,5.13934342207,5.31967171104,5.5,4.47594398541,3.45188797083,3.82229042346,4.34074592185,4.85920142023,4.85160205155,4.84400268287,4.83640331419,4.82880394551,4.82120457683,4.81360520815,4.80600583946,4.79840647078,4.7908071021,4.78320773342,4.77560836474,4.76800899606,4.76040962738,4.7528102587,4.74521089001,4.73761152133,4.73001215265,4.72241278397,4.71481341529,4.70721404661,0.128265092855,4.11281611658,5.5,1.03357827467,197.415173596,22,test,ood,True,q_top_peak,,high,peak_5.5,5.5
5,0.0639647894151,0.442383804034,0.115530328093,2.20722121361,0.448987177915,14.4742245241,4.93942266561,4.14105156529,3.34268046497,2.54430936465,1.74593826433,0.947567164007,0.908359030186,0.869150896366,0.829942762546,0.790734628725,0.751526494905,0.712318361085,0.673110227265,0.633902093444,0.594693959624,0.555485825804,0.516277691984,0.477069558163,0.437861424343,2.96893071217,5.5,5.33923790511,5.17847581023,5.01771371534,4.85695162045,4.69618952557,4.61035594468,4.52452236379,4.4386887829,4.35285520201,4.26702162112,4.18118804023,4.09535445934,4.00952087846,3.92368729757,3.83785371668,3.75202013579,3.6661865549,3.58035297401,3.49451939312,3.40868581223,3.32285223135,3.23701865046,3.15118506957,3.06535148868,2.97951790779,2.8936843269,2.80785074601,0.952792230852,2.94935781937,5.5,1.6212712332,141.56917533,20,test,ood,True,q_top_peak,,high,peak_5.5,5.5
6,0.0837771732933,0.408323223188,0.0181588906747,1.12961374458,2.58839980173,8.81470717822,2.44921304747,2.64917545562,2.84913786378,3.04910027193,3.24906268009,3.44902508824,3.6489874964,3.84894990455,4.04891231271,3.39716558962,2.74541886653,2.09367214344,1.44192542036,1.639891919,1.83785841765,2.03582491629,2.23379141494,2.43175791359,2.62972441223,2.82769091088,3.02565740952,3.22362390817,3.42159040682,3.61955690546,3.81752340411,4.01548990275,4.2134564014,4.41142290004,4.60938939869,4.80735589734,4.8766203076,4.94588471787,5.01514912814,5.0844135384,5.15367794867,5.22294235893,5.2922067692,5.36147117947,5.43073558973,5.5,5.36153418025,5.22306836051,5.08460254076,4.94613672101,4.80767090127,4.66920508152,4.53073926178,4.39227344203,0.283934870191,3.84624342931,5.5,1.17406866623,184.619684607,39,test,ood,True,q_top_peak,,high,peak_5.5,5.5
7,0.0651953560192,0.428700562125,0.0136721653921,1.49140086444,4.50589819512,8.03870849393,4.04515867685,3.39721253128,2.7492663857,2.10132024013,1.45337409456,0.805427948989,0.157481803417,0.249618997008,0.341756190599,0.433893384191,0.526030577782,0.618167771373,0.710304964965,0.802442158556,0.894579352147,0.986716545739,1.07885373933,1.17099093292,2.03679274634,2.90259455975,3.76839637317,4.63419818658,5.5,5.31890201982,5.13780403964,4.95670605946,4.77560807928,4.5945100991,4.41341211892,4.23231413873,4.05121615855,3.87011817837,3.68902019819,3.50792221801,3.32682423783,3.14572625765,2.96462827747,2.78353029729,2.60243231711,2.42133433693,2.24023635675,2.05913837656,1.87804039638,2.31639419542,2.75474799446,3.1931017935,3.63145559253,4.06980939157,0.86804267503,2.69373981856,5.5,1.53459688704,129.299511291,22,test,ood,True,q_top_peak,,high,peak_5.5,5.5
8,0.0592322268066,0.43925003156,0.0642169457973,2.03604421103,6.7848424145,14.9665122244,3.5687873939,3.69753490097,3.82628240805,3.95502991512,4.08377742219,4.21252492927,4.34127243634,4.47001994341,4.59876745049,4.72751495756,4.85626246463,4.98500997171,5.11375747878,5.24250498585,5.37125249293,5.5,5.04915282766,4.59830565531,4.14745848297,3.69661131063,3.24576413829,2.79491696594,2.3440697936,1.89322262126,1.44237544892,0.991528276573,1.24439316094,1.4972580453,1.75012292967,2.00298781404,2.2558526984,2.50871758277,2.76158246713,3.0144473515,3.26731223586,3.52017712023,3.7730420046,4.02590688896,4.27877177333,4.53163665769,4.78450154206,3.27044681684,1.75639209162,2.33707430607,2.91775652051,3.49843873496,4.0791209494,4.65980316385,0.908000167815,3.55186349017,5.5,1.20416608919,170.489447528,15,test,ood,True,q_top_peak,,high,peak_5.5,5.5
9,0.0858061755627,0.367949054911,0.0198949664344,1.83184367719,9.35236825443,15.1628045869,1.53371497063,2.50311023253,3.47250549443,4.44190075633,4.24504100282,4.0481812493,3.85132149579,3.65446174227,3.45760198876,3.26074223525,3.06388248173,2.86702272822,2.84582524874,2.82462776925,2.80343028977,2.78223281029,2.76103533081,2.73983785133,2.71864037184,2.69744289236,2.67624541288,2.6550479334,2.63385045391,2.61265297443,2.59145549495,2.57025801547,2.54906053599,2.5278630565,2.50666557702,2.48546809754,2.46427061806,2.44307313858,2.42187565909,2.40067817961,2.37948070013,2.35828322065,2.33708574117,2.31588826168,2.95271060935,3.58953295701,4.22635530467,4.86317765234,5.5,5.01908580984,4.53817161967,4.05725742951,3.57634323934,3.09542904918,0.879809863806,3.10249636843,5.5,0.829128151602,148.919825684,42,test,ood,True,q_top_peak,,high,peak_5.5,5.5
10,0.075917717045,0.466020549321,0.0112615546576,1.74888674112,13.9011385027,2.8312378833,2.38829434337,2.88112400003,3.37395365669,3.86678331335,4.35961297002,4.85244262668,5.17622131334,5.5,3.93013828742,2.36027657484,2.42638189343,2.49248721202,2.55859253061,2.62469784919,2.69080316778,2.75690848637,2.82301380495,2.88911912354,2.95522444213,3.02132976071,3.0874350793,3.15354039789,3.21964571648,3.28575103506,3.35185635365,3.41796167224,3.47984801192,3.5417343516,3.60362069128,3.66550703096,3.72739337064,3.78927971032,3.85116605,3.91305238968,3.97493872936,4.03682506904,4.09871140873,4.16059774841,4.22248408809,4.28437042777,4.34625676745,4.40814310713,4.47002944681,4.53191578649,4.59380212617,4.65568846585,4.71757480553,4.77946114521,0.811004586822,3.67283325707,5.5,0.792396035771,176.29599634,7,test,ood,True,q_top_peak,,high,peak_5.5,5.5
11,0.0783698718083,0.374278343058,0.0155029366005,2.01424616934,0.52448547373,4.90777319135,0.105264405467,0.485378058235,0.865491711004,1.24560536377,1.62571901654,2.00583266931,2.38594632208,2.76605997484,3.15662283558,3.54718569632,3.93774855705,4.32831141779,4.71887427853,5.10943713926,5.5,5.39275065897,5.28550131793,5.1782519769,5.07100263587,4.96375329484,4.8565039538,4.74925461277,4.64200527174,4.5347559307,4.42750658967,4.32025724864,4.21300790761,4.10575856657,3.99850922554,3.89125988451,3.78401054348,3.67676120244,3.47326845118,3.26977569991,3.06628294865,2.86279019738,2.65929744612,2.45580469485,2.25231194359,2.04881919232,1.84532644106,1.92771201487,2.01009758868,2.09248316249,2.17486873631,2.25725431012,2.33963988393,2.42202545774,0.691064678217,3.2923351341,5.5,1.37981607246,158.032086437,14,test,ood,True,q_top_peak,,high,peak_5.5,5.5
12,0.0941887723694,0.426524730633,0.0733208070707,1.71646603161,9.62793047721,19.8026451381,2.75818920517,3.0254412877,3.29269337023,3.55994545275,3.82719753528,4.0944496178,4.36170170033,4.62895378286,4.89620586538,4.15393463464,3.4116634039,2.66939217315,1.92712094241,1.18484971167,0.442578480927,0.486305252364,5.5,5.4560887024,5.4121774048,5.3682661072,5.3243548096,5.280443512,5.2365322144,5.1926209168,5.1487096192,5.1047983216,5.060887024,5.0169757264,4.9730644288,4.9291531312,4.8852418336,4.841330536,4.7974192384,4.7535079408,4.7095966432,4.6656853456,4.621774048,4.5778627504,4.5339514528,4.4900401552,4.4461288576,4.40221756,4.3583062624,4.3143949648,4.2704836672,4.2265723696,4.182661072,4.1387497744,0.403364682208,4.22792955848,5.5,1.19170893165,202.940618807,16,test,ood,True,q_top_peak,,high,peak_5.5,5.5
13,0.0699822348365,0.468183745761,0.0839523198929,1.91310828703,1.4200144973,17.1687178996,2.9945626716,3.1262176456,3.25787261959,3.38952759358,3.52118256758,3.65283754157,3.78449251557,3.91614748956,4.04780246356,4.17945743755,4.31111241154,4.44276738554,4.57442235953,2.62370376908,0.672985178618,1.83220504244,2.99142490626,4.15064477009,4.48798357756,4.82532238504,5.16266119252,5.5,5.4437412042,5.3874824084,5.3312236126,5.2749648168,5.218706021,5.1624472252,5.1061884294,5.04992963359,4.99367083779,4.93741204199,4.88115324619,4.82489445039,4.76863565459,4.71237685879,4.65611806299,4.59985926719,4.54360047139,4.48734167559,4.43108287979,4.37482408399,4.31856528819,4.26230649238,4.20604769658,4.14978890078,4.09353010498,4.03727130918,0.27693782349,4.26455200412,5.5,0.941059665236,204.698496198,21,test,ood,True,q_top_peak,,high,peak_5.5,5.5
14,0.0750155572459,0.492085117257,0.0144113437773,1.16016004068,5.20022802838,12.8555465948,4.91322265592,4.82998428805,4.74674592018,4.66350755231,4.58026918444,4.49703081656,4.41379244869,4.53448217662,4.65517190454,4.77586163246,4.89655136038,5.01724108831,5.13793081623,5.25862054415,5.37931027208,5.5,5.36968749515,5.2393749903,5.10906248545,4.9787499806,4.84843747575,4.7181249709,4.58781246605,4.4574999612,4.32718745635,4.1968749515,4.06656244665,3.9362499418,3.80593743695,3.6756249321,3.54531242725,3.41499992239,3.28468741754,3.15437491269,3.02406240784,3.20216242188,3.38026243591,3.55836244994,3.73646246397,3.91456247801,4.09266249204,4.27076250607,4.4488625201,4.62696253414,4.80506254817,4.33362265656,3.86218276495,3.39074287334,0.454024775502,4.35756291426,5.5,0.659231058579,209.163019884,15,test,ood,True,q_top_peak,,high,peak_5.5,5.5
15,0.0704275555204,0.399356643239,0.018394610273,1.72893707087,2.95775242621,11.2971069375,4.16058024387,3.57946966812,2.99835909237,2.41724851662,1.83613794086,1.87452490536,1.91291186986,1.95129883436,1.98968579886,2.02807276336,2.06645972786,2.10484669236,2.14323365686,2.18162062136,2.22000758586,2.25839455036,2.29678151486,2.33516847936,2.37355544386,2.41194240837,2.45032937287,2.48871633737,2.52710330187,2.56549026637,2.60387723087,3.32790792315,4.05193861543,4.77596930772,5.5,5.05264728384,4.60529456768,4.15794185152,3.71058913536,3.2632364192,2.81588370304,2.36853098688,1.92117827072,1.47382555456,1.0264728384,0.579120122243,0.760977128301,0.94283413436,1.12469114042,1.30654814648,1.48840515253,1.67026215859,1.85211916465,2.03397617071,0.223551494048,2.49137847083,5.5,1.10353728496,119.5861666,28,test,ood,True,q_top_peak,,high,peak_5.5,5.5
16,0.0908050604389,0.382296873062,0.0297639827991,1.37408543587,16.9385427522,14.227518185,1.47850061693,2.02379478604,2.56908895514,3.11438312425,3.65967729335,4.62403441721,4.57267062767,4.52130683812,4.46994304858,4.41857925903,4.36721546948,4.31585167994,4.26448789039,4.21312410084,4.1617603113,4.11039652175,4.05903273221,4.00766894266,3.95630515311,4.04711073234,4.13791631157,4.2287218908,4.31952747003,4.41033304926,4.50113862849,4.59194420771,4.68274978694,4.77355536617,4.8643609454,4.95516652463,5.04597210386,5.13677768309,5.22758326231,5.31838884154,5.40919442077,5.5,5.40705735635,5.3141147127,5.22117206904,5.12822942539,5.03528678174,4.94234413809,4.84940149443,4.75645885078,4.66351620713,4.57057356348,4.47763091983,4.38468827617,0.248434877049,4.43351534975,5.5,0.795458738569,212.808736788,35,test,ood,True,q_top_peak,,high,peak_5.5,5.5
17,0.0473790448181,0.43628705637,0.0226067480177,2.47601666792,26.209644385,3.80705953197,1.18462724886,1.0495158261,0.914404403335,0.779292980575,0.644181557815,0.509070135055,0.373958712295,0.238847289535,0.589590803566,0.940334317597,1.29107783163,1.64182134566,1.99256485969,2.34330837372,2.69405188775,3.04479540178,3.39553891581,3.74628242985,4.09702594388,4.44776945791,4.79851297194,5.14925648597,5.5,4.96821168563,4.43642337126,3.90463505688,3.37284674251,2.84105842814,2.30927011377,1.7774817994,1.24569348503,0.713905170653,0.182116856282,0.441123208394,0.700129560506,0.959135912618,1.21814226473,1.47714861684,1.73615496895,1.99516132107,2.25416767318,2.51317402529,2.7721803774,3.03118672952,3.29019308163,3.54919943374,1.9048899235,0.260580413259,0.497392712597,2.19208415418,5.5,1.47884960552,105.2200394,22,test,ood,True,q_top_peak,,high,peak_5.5,5.5
18,0.0385943496378,0.473975476022,0.0056752988991,1.22002637248,4.93999097439,13.4349879911,1.37403616585,1.31039593532,1.24675570479,1.18311547426,1.11947524373,1.0558350132,0.992194782674,0.928554552144,0.864914321614,1.32842288945,1.79193145729,2.25544002513,2.71894859297,3.18245716081,3.64596572865,4.10947429648,4.57298286432,5.03649143216,5.5,4.75049770919,4.00099541838,3.25149312757,2.50199083676,1.75248854594,1.00298625513,0.825162481137,0.647338707139,0.469514933142,0.291691159145,0.113867385147,0.167342202847,0.220817020546,0.274291838245,0.327766655945,0.381241473644,0.434716291343,0.488191109043,0.541665926742,0.595140744441,0.648615562141,0.70209037984,0.755565197539,0.809040015239,0.862514832938,0.915989650637,0.969464468337,1.02293928604,1.07641410374,0.358228123614,1.56290051997,5.5,1.42753273015,75.0192249588,18,test,ood,True,q_top_peak,,high,peak_5.5,5.5
19,0.0378684139929,0.452771396679,0.0935524781461,2.1166767184,1.23700419443,6.45981038786,1.58810977391,1.66723717583,1.74636457775,1.82549197967,1.90461938159,1.98374678351,2.06287418544,2.14200158736,2.22112898928,2.3002563912,2.37938379312,2.45851119504,2.53763859696,2.61676599888,2.6958934008,2.77502080272,2.85414820464,2.93327560656,3.01240300848,3.0915304104,3.17065781232,3.24978521424,3.32891261617,3.40804001809,3.69192968165,3.97581934522,4.25970900879,4.06705230132,3.87439559386,3.68173888639,3.48908217892,3.29642547145,3.10376876398,2.91111205651,2.71845534904,2.52579864157,2.33314193411,2.14048522664,1.94782851917,1.7551718117,1.56251510423,1.36985839676,5.5,5.08445073958,4.66890147915,4.25335221873,3.83780295831,3.42225369789,0.212876143679,2.90468430977,5.5,0.949136818602,139.424846869,42,test,ood,True,q_top_peak,,high,peak_5.5,5.5
20,0.074273896786,0.483618449585,0.0877577136542,2.07374554694,1.7898978773,4.18595824814,2.88820079734,2.61162152793,2.33504225852,2.05846298911,1.7818837197,1.50530445029,1.22872518089,1.8389072979,2.44908941492,3.05927153193,3.66945364895,4.27963576597,4.88981788298,5.5,5.21464850591,4.92929701183,4.64394551774,4.35859402366,4.43627138687,4.51394875007,4.59162611328,4.66930347649,4.7469808397,4.82465820291,4.90233556612,4.98001292932,4.97705510178,4.97409727424,4.97113944669,4.96818161915,4.96522379161,4.96226596406,4.95930813652,4.95635030898,4.95339248143,4.95043465389,4.94747682634,4.9445189988,4.94156117126,4.93860334371,4.93564551617,4.93268768863,4.92972986108,4.92677203354,4.923814206,4.92085637845,4.91789855091,4.91494072336,0.797764515614,4.28581235139,5.5,1.14237340241,205.718992867,13,test,ood,True,q_top_peak,,high,peak_5.5,5.5
21,0.0871040352777,0.463952123462,0.0306749863511,2.42578924916,6.43812665644,1.95316148386,0.379959280349,0.347389559163,0.314819837977,0.282250116791,0.249680395606,0.21711067442,0.184540953234,0.348436896847,0.51233284046,0.676228784074,0.840124727687,1.0040206713,1.16791661491,1.33181255853,1.49570850214,1.65960444575,1.82350038937,1.98739633298,2.15129227659,2.31518822021,2.60471656382,2.89424490744,3.18377325106,3.47330159468,3.76282993829,4.05235828191,4.34188662553,4.63141496915,4.92094331276,5.21047165638,5.5,5.19775272577,4.89550545154,4.59325817731,4.29101090308,3.98876362885,3.68651635462,3.38426908039,3.08202180616,2.78672454311,2.49142728006,2.19613001701,1.90083275396,1.60553549091,1.31023822786,1.01494096481,0.719643701763,0.424346438712,0.152734522962,2.32154526511,5.5,1.63981505757,111.434172725,30,test,ood,True,q_top_peak,,high,peak_5.5,5.5
22,0.0731011469365,0.419163945615,0.0283694036445,1.98866538949,4.41031824674,4.46231881131,2.84231674705,2.07523000645,1.30814326584,1.37686369193,1.44558411803,1.51430454412,1.58302497021,1.65174539631,1.7204658224,1.7891862485,1.85790667459,1.92662710068,1.99534752678,2.06406795287,2.13278837897,2.20150880506,2.27022923115,2.33894965725,2.40767008334,2.47639050944,2.54511093553,2.61383136163,2.68255178772,2.75127221381,2.81999263991,5.5,5.37336457839,5.24672915677,5.12009373516,4.99345831355,4.86682289194,4.74018747032,4.61355204871,4.4869166271,4.36028120549,4.23364578387,4.10701036226,3.98037494065,3.85373951903,3.72710409742,3.60046867581,3.4738332542,3.34719783258,3.22056241097,3.09392698936,3.53696407031,3.98000115127,4.42303823223,0.732095532354,3.13063297952,5.5,1.22956414238,150.270383017,25,test,ood,True,q_top_peak,,high,peak_5.5,5.5
23,0.0796421045346,0.449728871128,0.109518815426,2.14444716095,20.6398616594,16.3582516113,1.94247036709,1.78216095833,1.62185154956,1.4615421408,1.30123273204,1.14092332328,0.980613914513,0.82030450575,0.659995096987,3.49916082118,3.18402803281,2.86889524445,2.55376245608,2.23862966772,1.92349687935,1.60836409099,1.29323130262,0.978098514256,1.8824788114,2.78685910855,3.6912394057,4.59561970285,5.5,5.32718844021,5.15437688042,4.98156532063,4.80875376084,4.63594220105,4.46313064126,4.29031908147,4.11750752168,3.94469596189,3.7718844021,3.59907284231,3.42626128253,3.25344972274,3.08063816295,2.90782660316,2.73501504337,2.56220348358,2.38939192379,2.216580364,2.04376880421,1.87095724442,1.69814568463,1.52533412484,1.35252256505,1.17971100526,0.391460656189,2.74273336864,5.5,1.34249448971,131.651201695,22,test,ood,True,q_top_peak,,high,peak_5.5,5.5
24,0.0356089808003,0.433712129028,0.0363284347898,1.29354606775,14.9468952356,19.2694008688,4.72147014277,4.77707941829,4.83268869381,4.88829796932,4.94390724484,4.99951652035,5.05512579587,5.11073507139,5.1663443469,5.22195362242,5.27756289794,5.33317217345,5.38878144897,5.44439072448,5.5,3.38287742029,1.26575484058,1.22672166963,1.18768849867,1.14865532772,1.10962215676,1.07058898581,1.03155581485,0.992522643897,0.953489472942,0.914456301987,1.11471381594,1.3149713299,1.51522884385,1.71548635781,1.91574387176,2.11600138572,2.31625889967,2.51651641363,2.71677392758,2.91703144154,3.11728895549,3.31754646945,3.5178039834,3.71806149735,3.91831901131,4.11857652526,4.31883403922,3.70126478004,3.08369552086,2.46612626168,1.84855700251,1.23098774333,0.456272422269,3.11376556836,5.5,1.62523515861,149.460747281,14,test,ood,True,q_top_peak,,high,peak_5.5,5.5
25,0.0692224880953,0.387731436126,0.00747155140249,1.64264340522,1.03032771815,3.25086604536,3.42828536634,3.57626498303,3.72424459972,3.87222421641,4.0202038331,4.16818344979,4.31616306648,4.46414268317,4.61212229986,4.76010191655,4.90808153324,5.05606114993,5.20404076662,5.35202038331,5.5,5.42810675176,5.35621350351,5.28432025527,5.21242700703,5.14053375879,5.06864051054,4.9967472623,4.92485401406,4.85296076582,4.78106751757,4.70917426933,4.63728102109,4.56538777285,4.4934945246,4.42160127636,4.34970802812,4.27781477988,4.20592153163,0.818757659424,1.13357513614,1.44839261286,1.76321008958,2.0780275663,2.39284504302,2.70766251973,2.58117076331,2.45467900689,2.32818725047,2.20169549405,2.07520373762,1.9487119812,1.82222022478,1.69572846836,0.89963492584,3.81496796566,5.5,1.35732244344,183.118462352,14,test,ood,True,q_top_peak,,high,peak_5.5,5.5
26,0.0489507056308,0.491150053965,0.0396341522172,1.54679055787,11.1198124618,9.25610416132,4.87763862226,4.09462426535,3.31160990844,2.52859555152,1.74558119461,0.962566837696,0.64103952036,0.319512203024,0.35930967719,0.399107151355,0.438904625521,0.478702099687,0.518499573853,0.558297048019,0.598094522185,0.637891996351,0.677689470517,1.36659097473,2.05549247894,2.74439398315,3.43329548736,4.12219699158,4.81109849579,5.5,5.41950371394,5.33900742787,5.25851114181,5.17801485575,5.09751856968,5.01702228362,4.93652599756,4.85602971149,4.77553342543,4.69503713936,4.6145408533,4.53404456724,4.45354828117,4.37305199511,4.29255570905,4.21205942298,4.13156313692,4.05106685086,3.97057056479,3.89007427873,3.80957799267,3.7290817066,3.64858542054,3.56808913448,0.636357315796,3.22983014293,5.5,1.78013406135,155.03184686,23,test,ood,True,q_top_peak,,high,peak_5.5,5.5
27,0.0973701798392,0.497720495673,0.00716975999201,1.25870247327,27.6241750926,3.00137438407,1.64710861025,1.92263541073,2.19816221121,2.47368901169,2.74921581217,3.02474261265,3.30026941313,3.57579621361,3.85132301409,4.12684981457,3.3472592066,2.56766859863,2.9342100238,3.30075144898,3.66729287415,4.03383429932,4.40037572449,4.76691714966,5.13345857483,5.5,5.0025598416,4.5051196832,4.00767952479,3.51023936639,3.01279920799,2.51535904959,2.01791889118,1.52047873278,1.02303857438,0.525598415978,0.617178664711,0.708758913444,0.800339162177,0.89191941091,0.983499659642,1.07507990838,1.16666015711,1.25824040584,1.34982065457,1.44140090331,1.53298115204,1.62456140077,1.71614164951,1.80772189824,1.89930214697,1.9908823957,2.08246264444,2.17404289317,0.178340319463,2.52673636111,5.5,1.32922600442,121.283345333,19,test,ood,True,q_top_peak,,high,peak_5.5,5.5
28,0.0899069856293,0.462852297915,0.0078556893969,1.65483995902,18.8772901158,5.95158831255,1.02086896306,1.3695983761,1.71832778915,2.0670572022,2.41578661524,2.76451602829,3.11324544133,3.46197485438,3.81070426742,4.15943368047,4.50816309351,4.85689250656,4.5552575354,4.25362256424,3.95198759308,3.65035262193,3.34871765077,3.04708267961,2.74544770845,3.29635816676,3.84726862507,4.39817908338,4.94908954169,5.5,5.35069995531,5.20139991062,5.05209986593,4.90279982123,4.75349977654,4.60419973185,4.45489968716,4.30559964247,4.32049794555,4.33539624863,4.35029455171,4.36519285479,4.38009115787,4.39498946095,4.40988776403,4.42478606711,4.43968437019,4.45458267327,4.46948097635,4.48437927943,4.49927758251,4.51417588559,4.52907418867,4.54397249175,0.559675778361,4.00731030162,5.5,0.9960160363,192.350894478,23,test,ood,True,q_top_peak,,high,peak_5.5,5.5
29,0.0545407297348,0.389606773139,0.0498971935928,1.92202586057,8.84638179918,16.2053397905,2.2167053731,2.38417006991,2.55163476672,2.71909946353,2.88656416034,3.05402885715,3.30132330289,3.54861774862,3.79591219435,4.04320664009,4.29050108582,4.53779553156,4.77834664867,5.01889776578,5.25944888289,5.5,4.91431681716,4.32863363433,3.74295045149,3.65983364284,3.57671683418,3.49360002553,3.41048321687,3.32736640821,3.24424959956,3.1611327909,3.07801598224,2.99489917359,2.91178236493,2.82866555628,2.74554874762,2.66243193896,2.57931513031,2.49619832165,2.41308151299,2.32996470434,2.24684789568,2.16373108703,2.08061427837,1.99749746971,1.91438066106,1.8312638524,1.74814704375,1.66503023509,1.58191342643,1.49879661778,1.41567980912,1.33256300046,0.162413973769,3.02628968171,5.5,1.05434853845,145.261904722,15,test,ood,True,q_top_peak,,high,peak_5.5,5.5
30,0.0826474318399,0.441227434517,0.0122420544054,1.9443071679,3.77833647753,6.61986053393,3.52760597806,2.03066349491,0.533721011767,2.59606033674,2.8034845984,3.01090886006,3.21833312172,3.42575738338,3.63318164505,3.84060590671,4.04803016837,4.25545443003,4.46287869169,4.67030295335,4.87772721502,5.08515147668,5.29257573834,5.5,5.40114410781,5.30228821562,5.20343232343,5.10457643123,5.00572053904,4.90686464685,4.80800875466,4.70915286247,4.61029697028,4.51144107808,4.41258518589,4.3137292937,4.21487340151,4.11601750932,4.01716161713,3.91830572493,3.81944983274,3.72059394055,3.66902493583,3.61745593111,3.56588692639,3.51431792168,3.46274891696,3.41117991224,3.35961090752,3.3080419028,3.25647289808,3.20490389336,3.15333488864,3.10176588392,0.974745594116,3.94860063258,5.5,0.950674469123,189.532830364,17,test,ood,True,q_top_peak,,high,peak_5.5,5.5
31,0.0674138859222,0.509303799199,0.00699666759078,1.50788869675,2.61152437646,10.1355868982,1.78721383901,2.24090873177,2.69460362454,3.14829851731,2.04135824945,0.934417981593,1.39097618343,1.84753438527,2.30409258711,2.76065078896,3.2172089908,3.67376719264,4.13032539448,4.58688359632,5.04344179816,5.5,5.25059277959,5.00118555919,4.75177833878,4.50237111838,4.25296389797,4.00355667756,3.75414945716,3.60995715274,3.46576484831,3.32157254389,3.17738023947,3.03318793505,2.88899563062,2.7448033262,2.60061102178,2.45641871736,2.31222641293,2.16803410851,2.02384180409,1.87964949967,1.73545719525,1.59126489082,1.4470725864,1.30288028198,1.15868797756,1.01449567313,0.870303368711,0.726111064288,0.581918759866,0.437726455444,0.293534151021,0.149341846599,0.655621589043,2.62103160794,5.5,1.41115863445,125.809517181,15,test,ood,True,q_top_peak,,high,peak_5.5,5.5
32,0.0686560620469,0.501572100479,0.0238351103841,1.2883168163,5.89464464135,14.8202543363,2.19388036343,2.3831974347,2.57251450596,2.76183157723,2.9511486485,3.14046571976,3.32978279103,3.12430109733,2.91881940363,2.71333770992,3.02889290076,3.3444480916,3.66000328244,3.97555847328,4.29111366412,4.60666885496,4.9222240458,5.23777923664,5.55333442748,5.86888961832,6.18444480916,6.5,6.37905829197,6.25811658395,6.13717487592,6.0162331679,5.89529145987,5.77434975185,5.65340804382,5.5324663358,5.41152462777,5.29058291975,5.16964121172,5.0486995037,4.92775779567,4.80681608764,4.68587437962,4.56493267159,4.44399096357,4.40854445393,4.3730979443,4.33765143466,4.30220492502,4.26675841539,4.23131190575,4.19586539612,4.16041888648,4.12497237685,0.747277186134,4.49290377222,6.5,1.16789237038,215.659381067,21,test,ood,True,q_top_peak,,high,peak_6.5,6.5
33,0.0767819694807,0.494809265987,0.00942752822736,1.97524186441,1.10513107624,17.8150647669,4.16452746067,4.5537728839,4.94301830712,5.33226373034,5.72150915356,6.11075457678,6.5,6.18318650025,5.8663730005,5.54955950076,5.23274600101,4.91593250126,4.59911900151,4.28230550176,3.96549200202,3.56140744872,3.15732289542,2.75323834212,2.34915378883,1.94506923553,1.54098468223,1.13690012894,1.32025551268,1.50361089643,1.68696628017,1.87032166391,2.05367704766,2.2370324314,2.42038781514,2.60374319889,2.78709858263,2.97045396638,3.15380935012,3.33716473386,3.52052011761,3.70387550135,3.53826514688,3.3726547924,3.20704443793,3.04143408345,2.87582372898,2.7102133745,2.54460302002,2.37899266555,2.21338231107,2.0477719566,1.88216160212,1.71655124765,0.850297929246,3.35546775226,6.5,1.43613039698,161.062452109,6,test,ood,True,q_top_peak,,high,peak_6.5,6.5
34,0.050939019997,0.377771418547,0.0689910123496,1.81535077059,0.806734070739,10.6697876862,1.15432154934,1.26195231616,1.36958308298,1.47721384979,1.58484461661,1.69247538343,1.80010615025,1.90773691706,2.01536768388,2.1229984507,2.23062921751,2.33825998433,2.44589075115,2.55352151797,2.66115228478,2.7687830516,2.87641381842,2.98404458523,3.09167535205,3.19930611887,4.29953741258,5.39976870629,6.5,6.3467946525,6.193589305,6.0403839575,5.88717860999,5.73397326249,5.58076791499,5.42756256749,5.27435721999,5.12115187249,4.96794652499,4.81474117749,4.66153582998,4.50833048248,4.35512513498,4.20191978748,3.64907574788,3.09623170828,2.54338766867,1.99054362907,1.43769958947,0.884855549867,0.332011510264,1.15625161297,1.98049171567,2.80473181837,0.992913346622,3.3067962844,6.5,1.71249374051,158.726221651,22,test,ood,True,q_top_peak,,high,peak_6.5,6.5
35,0.0502990071253,0.480353027234,0.0100304559208,2.0313294261,25.3388347224,3.58218916789,3.39774601939,3.58023154767,3.76271707594,3.94520260421,4.12768813248,4.31017366075,4.49265918902,4.67514471729,4.85763024556,5.04011577383,5.2226013021,5.40508683037,5.58757235865,5.77005788692,5.95254341519,6.13502894346,6.31751447173,6.5,5.86301172687,5.22602345375,4.58903518062,3.9520469075,3.79778671322,3.64352651894,3.48926632467,3.33500613039,3.18074593612,3.02648574184,2.87222554757,2.71796535329,2.56370515901,2.40944496474,2.77898543092,3.1485258971,3.51806636328,3.88760682946,4.25714729564,4.01159235612,3.76603741659,3.52048247707,3.27492753755,3.02937259802,2.7838176585,2.53826271897,2.29270777945,2.04715283993,1.8015979004,1.55604296088,0.62577168224,3.91579824777,6.5,1.23112088175,187.958315893,17,test,ood,True,q_top_peak,,high,peak_6.5,6.5
36,0.0625942193038,0.37286377346,0.00533730424272,2.44168503982,0.687790666082,11.9589603115,0.708587931718,0.895407675856,1.08222741999,1.26904716413,1.45586690827,1.64268665241,1.82950639655,2.01632614068,2.20314588482,2.38996562896,2.5767853731,2.76360511724,2.95042486138,3.13724460551,3.32406434965,3.51088409379,3.69770383793,3.88452358207,4.0713433262,4.25816307034,4.44498281448,4.63180255862,4.81862230276,5.00544204689,5.19226179103,5.37908153517,5.56590127931,5.75272102345,5.93954076759,6.12636051172,6.31318025586,6.5,5.88088295201,5.26176590403,4.64264885604,4.02353180806,3.40441476007,2.78529771209,2.1661806641,1.54706361612,0.927946568131,1.26105560349,1.59416463886,1.92727367422,0.500201657479,0.409516996706,0.318832335932,0.228147675159,0.470369214203,3.17117359021,6.5,1.84810403077,152.21633233,31,test,ood,True,q_top_peak,,high,peak_6.5,6.5
37,0.0846296092202,0.457853902152,0.0477879254595,2.669204143,7.85824142776,10.9560961221,0.349809755729,0.413076183065,0.4763426104,0.539609037736,0.602875465072,0.666141892408,0.729408319744,0.79267474708,0.855941174416,0.919207601752,0.982474029088,1.04574045642,1.10900688376,1.1722733111,1.23553973843,1.29880616577,1.3620725931,1.42533902044,1.48860544777,1.55187187511,1.61513830245,1.67840472978,1.74167115712,1.80493758445,1.86820401179,1.93147043913,1.99473686646,2.0580032938,2.12126972113,2.18453614847,2.17441903397,2.16430191947,2.64604615064,3.12779038181,3.60953461298,4.09127884415,4.57302307532,5.05476730649,5.53651153766,6.01825576883,6.5,5.40259443486,4.30518886972,3.20778330458,2.11037773943,1.01297217429,2.01831281231,3.02365345033,0.544333676569,2.17899999958,6.5,1.56471524877,104.59199998,40,test,ood,True,q_top_peak,,high,peak_6.5,6.5
38,0.08478989367,0.470161547244,0.0379344903296,2.39046520073,0.397777535044,6.88993798607,4.02078532346,4.17573624074,4.33068715802,4.48563807531,4.64058899259,4.79553990988,4.95049082716,5.10544174444,5.26039266173,5.41534357901,5.5702944963,5.72524541358,5.88019633086,6.03514724815,6.19009816543,6.34504908272,6.5,4.38644473902,2.27288947803,1.97790265257,2.02897958711,2.08005652164,2.13113345618,2.18221039071,2.23328732525,2.28436425978,2.33544119432,2.38651812886,2.43759506339,2.41865821015,2.3997213569,2.38078450366,2.36184765041,2.34291079717,2.32397394392,2.30503709068,2.28610023743,2.26716338418,2.24822653094,2.22928967769,2.21035282445,2.1914159712,2.17247911796,2.15354226471,2.13460541147,2.11566855822,2.09673170498,2.07779485173,0.316874642756,3.35166254446,6.5,1.51798008304,160.879802134,16,test,ood,True,q_top_peak,,high,peak_6.5,6.5
39,0.0819131289845,0.3601558339,0.0194006133072,1.43518996499,0.764301113728,5.14609258792,4.5786985635,4.55647406308,4.53424956265,4.51202506223,4.4898005618,4.46757606138,3.64217897892,2.81678189646,1.99138481401,1.16598773155,0.340590649094,1.57247251928,2.80435438946,4.03623625964,5.26811812982,6.5,6.30457821341,6.10915642682,5.91373464023,5.71831285364,5.52289106705,5.32746928046,5.13204749387,4.93662570728,4.74120392068,4.54578213409,4.3503603475,4.15493856091,3.95951677432,3.76409498773,3.56867320114,3.49838533872,3.42809747631,3.35780961389,3.28752175147,3.21723388905,3.14694602664,3.07665816422,3.0063703018,2.93608243938,2.86579457697,2.79550671455,2.72521885213,2.65493098971,2.5846431273,2.51435526488,2.44406740246,2.37377954004,0.721830254358,3.77582742336,6.5,1.34254378477,181.239716322,15,test,ood,True,q_top_peak,,high,peak_6.5,6.5
40,0.0369653217457,0.437711871552,0.0440337539798,2.5858754604,0.950291799917,3.43554633767,4.47248844896,3.87878559287,3.28508273678,2.6913798807,2.09767702461,1.50397416852,0.910271312435,0.316568456348,0.888865834005,1.46116321166,2.03346058932,2.60575796698,3.17805534464,3.75035272229,4.32265009995,4.10668324711,3.89071639426,3.67474954142,3.45878268858,3.24281583573,3.02684898289,2.81088213005,2.5949152772,2.37894842436,2.16298157152,1.94701471867,1.73104786583,1.51508101298,1.29911416014,1.0831473073,1.76025389389,2.43736048047,3.11446706706,3.79157365365,4.46868024024,5.14578682682,5.82289341341,6.5,6.198626865,5.89725373,5.59588059501,5.29450746001,4.99313432501,4.69176119001,4.39038805501,4.08901492002,3.78764178502,3.48626865002,0.824773507044,3.28720324372,6.5,1.51705665667,157.785755699,37,test,ood,True,q_top_peak,,high,peak_6.5,6.5
41,0.0949441348434,0.419655331992,0.123891469011,2.1757956795,0.553481256321,12.6111747903,0.515890286287,1.36521008033,2.21452987438,3.06384966843,3.91316946247,4.76248925652,3.4441474657,2.12580567488,2.42628491308,2.72676415127,3.02724338947,3.32772262766,3.4410182481,3.55431386854,3.66760948898,3.78090510942,3.89420072986,4.0074963503,4.12079197075,4.23408759119,4.34738321163,4.46067883207,4.57397445251,4.68727007295,4.80056569339,4.91386131383,5.02715693427,5.14045255471,5.25374817515,5.36704379559,5.48033941603,5.59363503647,5.70693065692,5.82022627736,5.9335218978,6.04681751824,6.16011313868,6.27340875912,6.38670437956,6.5,5.81359095873,5.12718191746,4.4407728762,3.75436383493,3.06795479366,2.38154575239,1.69513671112,1.00872766986,0.303068183045,4.15367993413,6.5,1.47411505538,199.376636838,39,test,ood,True,q_top_peak,,high,peak_6.5,6.5
42,0.0779443548432,0.474166983763,0.0336071163491,2.31921852162,11.5472042136,17.2572173065,4.12451652007,4.36206486806,4.59961321605,4.83716156405,5.07470991204,5.31225826003,5.54980660803,5.78735495602,6.02490330401,6.26245165201,6.5,4.91155159515,3.32310319031,3.40971345212,3.49632371394,3.58293397576,3.66954423757,3.75615449939,3.8427647612,3.92937502302,3.96236093561,3.99534684821,4.0283327608,4.0613186734,4.09430458599,4.12729049858,4.16027641118,4.19326232377,4.22624823637,4.25923414896,4.29222006155,4.32520597415,4.35819188674,4.39117779934,4.42416371193,4.45714962452,4.49013553712,4.47875177805,4.46736801898,4.45598425992,4.44460050085,4.43321674178,4.42183298272,4.41044922365,4.39906546458,4.38768170551,4.37629794645,4.36491418738,0.390595410816,4.43422266952,6.5,0.671571654486,212.842688137,10,test,ood,True,q_top_peak,,high,peak_6.5,6.5
43,0.0401885405985,0.396509512199,0.0310415821737,2.41069352459,28.8784101839,13.9794883007,4.84660603962,4.46014103907,4.07367603853,3.68721103798,3.30074603744,2.91428103689,2.52781603635,2.43335493102,2.33889382569,2.24443272036,2.14997161503,2.05551050971,1.96104940438,1.86658829905,1.77212719372,1.6776660884,1.58320498307,1.48874387774,1.39428277241,1.29982166708,1.20536056176,1.11089945643,1.0164383511,0.921977245773,0.827516140446,0.733055035118,1.55690431582,2.38075359651,3.20460287721,4.02845215791,4.85230143861,5.6761507193,6.5,6.20766070597,5.91532141194,5.6229821179,5.33064282387,5.03830352984,4.74596423581,4.45362494178,4.16128564774,3.86894635371,3.57660705968,3.28426776565,2.99192847161,2.81041754052,2.62890660943,2.44739567834,0.475435304032,3.06614149882,6.5,1.58326726388,147.174791943,32,test,ood,True,q_top_peak,,high,peak_6.5,6.5
44,0.0878491772316,0.428809114206,0.119374705173,2.06123954267,2.75009390963,6.31183630369,1.44022816427,1.31538726389,1.19054636351,1.06570546313,1.97142121928,2.87713697542,3.78285273157,4.68856848771,5.59428424386,6.5,6.26082259306,6.02164518612,5.78246777918,5.54329037223,5.30411296529,5.06493555835,4.82575815141,4.58658074447,4.34740333753,4.10822593059,3.86904852365,3.6298711167,3.39069370976,3.15151630282,2.91233889588,2.67316148894,2.433984082,2.19480667506,1.95562926811,1.71645186117,1.47727445423,1.23809704729,2.13214413151,3.02619121572,3.92023829994,3.68664626684,3.45305423374,3.21946220064,2.98587016754,2.75227813445,2.51868610135,2.28509406825,2.05150203515,1.81791000205,1.58431796895,1.35072593585,1.11713390275,0.883541869651,0.595819786578,3.16039673939,6.5,1.55293887799,151.699043491,9,test,ood,True,q_top_peak,,high,peak_6.5,6.5
45,0.0582717416151,0.488091374468,0.0418339811712,1.86563167779,3.57714857824,13.4824367548,4.28361179763,4.18155224316,4.07949268869,3.97743313422,3.87537357975,3.77331402528,3.67125447081,3.56919491634,3.46713536187,3.3650758074,3.26301625293,3.16095669846,3.05889714399,2.95683758952,2.85477803505,2.75271848058,3.68953886043,4.62635924029,5.56317962014,6.5,3.89497204466,1.28994408932,1.41225645953,1.53456882974,1.65688119995,1.77919357015,1.90150594036,2.02381831057,2.14613068078,2.26844305099,2.3907554212,2.51306779141,2.63538016161,2.75769253182,2.88000490203,3.00231727224,3.12462964245,2.90016259756,2.67569555267,2.45122850777,2.22676146288,2.00229441799,1.7778273731,1.55336032821,1.32889328332,1.10442623842,0.879959193533,0.655492148642,0.612178018666,2.82161214478,6.5,1.17407142521,135.437382949,19,test,ood,True,q_top_peak,,high,peak_6.5,6.5
46,0.0900975551667,0.482086810805,0.0544279635784,1.31116523909,10.7895868102,2.1895706146,4.43537761351,4.53369296525,4.63200831699,4.73032366873,4.82863902046,4.9269543722,5.02526972394,5.12358507568,5.22190042741,5.32021577915,5.41853113089,5.51684648263,5.61516183436,5.7134771861,5.81179253784,5.91010788958,6.00842324131,6.10673859305,6.20505394479,6.30336929653,6.40168464826,6.5,4.57548215053,2.65096430105,3.52981633603,4.408668371,3.86920304726,3.72320282847,3.57720260967,3.43120239088,3.28520217209,3.1392019533,2.9932017345,2.84720151571,2.70120129692,2.55520107813,2.40920085933,2.26320064054,2.11720042175,1.97120020296,1.82519998416,1.67919976537,1.53319954658,1.38719932779,1.24119910899,1.0951988902,0.949198671409,0.803198452616,0.689936307154,3.89271877929,6.5,1.69381654733,186.850501406,21,test,ood,True,q_top_peak,,high,peak_6.5,6.5
47,0.0435963472337,0.444839075716,0.00577952905904,1.67197357309,6.07756933355,5.52634682462,1.05068707457,1.80000763922,2.54932820386,3.2986487685,4.04796933314,3.5267056028,3.00544187246,2.48417814211,1.8274990226,1.1708199031,0.514140783589,1.51178398632,2.50942718906,3.50707039179,4.50471359453,5.50235679726,6.5,6.37152903519,6.24305807039,6.11458710558,5.98611614078,5.85764517597,5.72917421117,5.60070324636,5.47223228155,5.34376131675,5.21529035194,5.08681938714,4.95834842233,4.82987745753,4.70140649272,4.57293552791,4.44446456311,4.3159935983,4.1875226335,4.05905166869,3.93058070389,3.80210973908,3.67363877427,3.54516780947,3.41669684466,3.28822587986,3.15975491505,3.03128395025,2.90281298544,2.77434202063,2.64587105583,2.51740009102,0.700415643171,3.89769124503,6.5,1.5034297306,187.089179761,16,test,ood,True,q_top_peak,,high,peak_6.5,6.5
48,0.0811578876005,0.39068192177,0.00508925738344,1.25062720512,3.03290416013,7.59506483413,1.89793532414,2.14352966193,2.38912399972,2.53214496619,2.67516593266,2.81818689913,2.9612078656,3.10422883207,3.24724979854,3.39027076501,3.53329173148,3.67631269794,3.81933366441,2.93101629315,2.04269892189,2.4141406784,2.78558243491,3.15702419142,3.52846594793,3.89990770444,4.27134946095,4.64279121746,5.01423297396,5.38567473047,5.75711648698,6.12855824349,6.5,6.38775762386,6.27551524771,6.16327287157,6.05103049543,5.93878811929,5.82654574314,5.714303367,5.60206099086,5.48981861472,5.37757623857,5.26533386243,5.15309148629,5.04084911015,4.928606734,4.81636435786,4.70412198172,4.59187960557,4.47963722943,4.36739485329,4.25515247715,4.142910101,0.53466969813,4.31705317782,6.5,1.32798449984,207.218552535,26,test,ood,True,q_top_peak,,high,peak_6.5,6.5
49,0.0829230512488,0.467157522034,0.0953305375377,1.57878914831,17.3390541292,8.33280636372,2.15179543274,2.28315123978,2.41450704681,2.54586285384,2.67721866088,2.80857446791,2.93993027495,3.07128608198,3.20264188902,3.33399769605,3.46535350309,3.59670931012,3.72806511716,3.85942092419,3.99077673123,4.12213253826,4.25348834529,4.38484415233,4.51619995936,4.0590443383,3.60188871723,3.14473309617,2.6875774751,2.23042185403,1.77326623297,1.3161106119,0.858954990835,0.401799369769,0.796136054175,1.19047273858,1.58480942299,1.97914610739,2.3734827918,2.7678194762,3.16215616061,3.55649284502,3.95082952942,5.22541476471,6.5,6.20331044804,5.90662089608,5.60993134413,5.31324179217,5.01655224021,4.71986268825,4.4231731363,4.12648358434,3.82979403238,0.674287509624,3.36782256175,6.5,1.40886521167,161.655482964,38,test,ood,True,q_top_peak,,high,peak_6.5,6.5
50,0.0936763167166,0.412514828895,0.0613948630799,1.95590958569,1.22858445086,13.16854874,1.07153019672,1.2400143688,1.40849854088,1.57698271296,1.74546688504,1.91395105712,2.0824352292,2.57327575929,3.06411628938,3.55495681947,4.04579734956,4.53663787965,5.02747840973,5.51831893982,6.00915946991,6.5,6.1439520731,5.78790414621,5.43185621931,5.07580829241,4.71976036551,4.36371243862,4.00766451172,3.65161658482,3.29556865792,2.93952073103,2.58347280413,2.22742487723,1.87137695033,1.51532902344,1.52269579039,1.53006255735,1.5374293243,1.54479609126,1.55216285821,1.55952962517,1.56689639212,1.57426315908,1.58162992603,1.58899669299,1.59636345994,1.6037302269,1.61109699385,1.61846376081,1.62583052776,2.64407581169,3.66232109561,4.68056637954,0.424959237644,2.91842704701,6.5,1.59901816425,140.084498256,15,test,ood,True,q_top_peak,,high,peak_6.5,6.5
51,0.0393338572678,0.422582384893,0.090240735095,1.80027996056,0.61206916647,18.0251685563,2.58691338333,2.54883373833,2.51075409333,2.47267444833,2.43459480333,2.39651515833,2.35843551333,2.32035586833,2.28227622333,2.24419657833,2.20611693333,2.16803728833,2.12995764333,0.863237735156,1.33296792389,1.80269811263,2.27242830137,2.7421584901,3.21188867884,3.68161886758,4.15134905631,4.62107924505,5.09080943379,5.56053962253,6.03026981126,6.5,4.60521277525,2.7104255505,2.81475039964,2.91907524878,3.02340009792,3.12772494705,3.23204979619,3.33637464533,3.44069949447,3.5450243436,3.64934919274,3.75367404188,3.85799889102,3.96232374015,4.06664858929,4.17097343843,4.27529828757,4.37962313671,4.48394798584,4.58827283498,4.69259768412,4.79692253326,0.930141506015,3.37402238764,6.5,1.19009003839,161.953074607,25,test,ood,True,q_top_peak,,high,peak_6.5,6.5
52,0.0928358497111,0.401979637615,0.00672030596855,2.23942708379,3.95155204505,16.5862066471,1.59753230376,1.60386978246,1.61020726115,1.61654473985,1.62288221855,1.62921969725,1.63555717594,1.64189465464,1.64823213334,1.65456961203,1.66090709073,1.66724456943,1.67358204813,1.67991952682,1.68625700552,1.69259448422,1.69893196292,1.70526944161,1.71160692031,1.71794439901,1.7242818777,1.7306193564,1.7369568351,1.7432943138,1.74963179249,1.75596927119,1.76230674989,1.76864422859,4.77449898217,5.02099912757,5.26749927298,5.51399941838,5.76049956379,6.00699970919,6.2534998546,6.5,5.15652814365,3.81305628729,2.46958443094,2.37902709695,2.28846976296,2.19791242897,2.10735509498,2.01679776099,1.926240427,1.83568309301,1.74512575901,1.65456842502,0.377361282822,2.53780866859,6.5,1.52313198904,121.814816092,35,test,ood,True,q_top_peak,,high,peak_6.5,6.5
53,0.0920950038762,0.370722063167,0.0273009922605,1.85021871671,1.72437475196,19.7939694076,3.10272973815,3.02034995056,2.93797016296,2.85559037536,2.77321058777,2.69083080017,2.60845101258,2.52607122498,2.44369143738,2.36131164979,2.27893186219,2.19655207459,2.46551756993,2.73448306527,3.00344856061,3.27241405594,3.54137955128,3.81034504662,4.07931054196,4.3482760373,4.61724153263,4.88620702797,5.15517252331,5.42413801865,5.69310351399,5.96206900932,6.23103450466,6.5,6.14253860186,5.78507720373,5.42761580559,5.07015440746,4.71269300932,4.35523161119,3.99777021305,3.64030881492,3.28284741678,2.92538601865,2.56792462051,2.21046322238,2.72825114575,3.24603906911,3.76382699248,4.28161491585,4.79940283922,4.85865888997,4.91791494073,4.97717099148,0.787885400217,3.90022337846,6.5,1.24866928321,187.210722166,27,test,ood,True,q_top_peak,,high,peak_6.5,6.5
54,0.0657149111098,0.454221384929,0.0161808004971,1.35966155046,0.746066966512,15.4576950213,3.41183420533,3.22522989094,3.03862557655,2.85202126216,2.66541694778,2.47881263339,2.292208319,2.10560400461,1.91899969022,1.73239537584,1.54579106145,1.35918674706,1.17258243267,0.985978118283,2.08878249463,3.19158687097,4.29439124731,5.39719562366,6.5,5.79386113257,5.08772226515,4.38158339772,3.6754445303,2.96930566287,2.26316679545,2.40060036567,2.53803393589,2.6754675061,2.81290107632,2.95033464654,3.08776821676,3.22520178698,3.36263535719,3.50006892741,3.63750249763,3.36606715639,3.09463181515,2.82319647391,2.55176113267,2.28032579144,2.0088904502,1.73745510896,1.46601976772,1.19458442648,0.92314908524,0.651713744001,0.380278402762,0.108843061523,0.667760405249,2.69177410456,6.5,1.32013012923,129.205157019,18,test,ood,True,q_top_peak,,high,peak_6.5,6.5
55,0.0532525800319,0.485409787555,0.0247862137599,2.54283750501,0.634331492057,4.09108420982,3.91209740616,3.66185802845,3.41161865075,3.16137927304,2.91113989533,2.66090051763,2.41066113992,2.18764678205,1.96463242417,1.7416180663,1.51860370843,1.29558935056,1.07257499268,0.84956063481,0.626546276937,0.724717242531,0.822888208124,0.921059173717,1.01923013931,1.1174011049,1.2155720705,1.31374303609,1.41191400168,1.51008496728,1.60825593287,1.70642689846,2.50535574872,3.30428459897,4.10321344923,4.90214229949,5.70107114974,6.5,6.25343727712,6.00687455424,5.76031183135,5.51374910847,5.26718638559,5.02062366271,4.77406093983,4.52749821695,4.28093549406,4.03437277118,3.7878100483,3.54124732542,3.29468460254,3.04812187965,2.80155915677,2.55499643389,0.940470901498,3.00502618452,6.5,1.69155596967,144.241256857,31,test,ood,True,q_top_peak,,high,peak_6.5,6.5
56,0.0409966645483,0.504136760827,0.0208324830009,1.12220456892,21.0165421861,9.96196875658,3.03045423701,3.60871186418,4.18696949134,4.76522711851,5.34348474567,5.92174237284,6.5,5.19089113285,3.88178226571,2.57267339856,1.26356453141,1.7041806613,2.14479679119,2.58541292109,3.02602905098,2.94172336676,2.85741768254,2.77311199831,2.68880631409,2.60450062987,2.52019494565,2.43588926143,2.35158357721,2.26727789298,2.18297220876,2.09866652454,2.01436084032,1.9300551561,1.84574947188,1.76144378766,1.67713810343,1.59283241921,1.50852673499,1.42422105077,1.61778297011,1.81134488946,2.0049068088,2.19846872815,2.39203064749,2.58559256684,2.77915448618,2.97271640553,3.16627832487,3.35984024422,3.55340216356,3.74696408291,3.94052600225,4.1340879216,0.765042554568,2.86386434981,6.5,1.18248672001,137.465488791,6,test,ood,True,q_top_peak,,high,peak_6.5,6.5
57,0.0862644598195,0.476515956821,0.0140983755247,1.41839641713,2.32746554857,1.271642027,3.2871949714,3.17534082246,3.06348667352,2.95163252458,2.83977837564,2.25626951063,1.67276064563,1.08925178063,0.505742915623,0.791183729164,1.07662454271,1.36206535625,1.64750616979,1.93294698333,2.21838779687,2.50382861042,2.78926942396,3.0747102375,3.36015105104,3.64559186458,3.93103267812,4.21647349167,4.50191430521,4.78735511875,5.07279593229,5.35823674583,5.64367755937,5.92911837292,6.21455918646,6.5,5.42371583989,4.34743167978,3.27114751967,2.19486335955,1.11857919944,1.29078491862,1.46299063781,1.63519635699,1.80740207617,1.97960779536,2.15181351454,2.32401923372,2.4962249529,2.66843067209,2.84063639127,3.01284211045,3.18504782963,3.35725354882,0.834628704264,2.9993098961,6.5,1.49381129399,143.966875013,29,test,ood,True,q_top_peak,,high,peak_6.5,6.5
58,0.0556491010627,0.442928899988,0.0330285054598,2.31270586779,0.669348581092,2.45198779272,0.192801932328,0.362452451198,0.532102970068,0.701753488938,0.871404007809,1.04105452668,1.21070504555,1.38035556442,1.55000608329,1.71965660216,1.88930712103,2.0589576399,2.47504645947,2.89113527904,3.30722409861,3.72331291818,3.66175266951,3.60019242084,3.53863217217,6.5,6.30858257676,6.11716515352,5.92574773028,5.73433030704,5.54291288379,5.35149546055,5.16007803731,4.96866061407,4.77724319083,4.58582576759,4.39440834435,4.20299092111,4.01157349786,3.82015607462,3.62873865138,3.43732122814,3.2459038049,3.05448638166,2.86306895842,2.67165153518,2.48023411193,2.28881668869,2.09739926545,1.90598184221,1.71456441897,1.52314699573,1.33172957249,1.14031214925,0.193539039739,3.07275790865,6.5,1.71931622097,147.492379615,19,test,ood,True,q_top_peak,,high,peak_6.5,6.5
59,0.0968104062179,0.391376945548,0.00882214477037,1.48168514747,1.53239882556,12.9238479161,1.03460282709,2.50270835339,3.97081387969,3.73865562274,3.50649736578,3.27433910883,3.04218085188,2.81002259492,2.57786433797,2.34570608101,2.11354782406,1.88138956711,1.64923131015,1.4170730532,1.18491479625,2.76972784544,3.0028698551,3.23601186476,3.46915387442,3.70229588408,3.93543789374,4.1685799034,4.40172191306,4.63486392272,4.86800593238,5.10114794204,5.3342899517,5.56743196136,5.80057397102,6.03371598068,6.26685799034,6.5,6.16266041633,5.82532083266,5.487981249,5.15064166533,4.81330208166,4.47596249799,4.13862291432,3.80128333066,3.46394374699,3.12660416332,2.78926457965,2.45192499598,2.11458541232,1.77724582865,1.43990624498,1.10256666131,0.263503946935,3.62425106003,6.5,1.51547304029,173.964050881,31,test,ood,True,q_top_peak,,high,peak_6.5,6.5
60,0.0432320595438,0.409368600119,0.0166147768889,2.55983773905,12.9133098911,2.58345821823,0.213485072895,0.364752191375,0.516019309855,0.667286428335,0.818553546815,0.969820665295,1.12108778378,1.27235490226,1.42362202074,1.57488913922,1.7261562577,1.87742337618,2.02869049466,1.81361978682,1.59854907899,1.38347837115,1.16840766332,0.95333695548,1.04287790037,1.13241884526,1.22195979015,1.31150073505,1.40104167994,1.49058262483,1.58012356972,1.66966451461,1.7592054595,1.84874640439,1.93828734928,2.02782829418,2.11736923907,2.20691018396,2.29645112885,2.38599207374,2.47553301863,3.28042641491,4.08531981118,4.89021320745,5.69510660373,6.5,5.78324481601,5.06648963203,4.34973444804,3.63297926406,2.91622408007,2.19946889609,1.4827137121,0.765958528116,0.619298513435,2.12595635979,6.5,1.46404310496,102.04590527,39,test,ood,True,q_top_peak,,high,peak_6.5,6.5
61,0.0596607318285,0.461083314322,0.0063931546436,2.66118831506,0.892696041602,11.2475948671,0.830549452964,0.859172579612,0.887795706259,0.916418832906,0.945041959554,0.973665086201,1.00228821285,1.0309113395,1.05953446614,1.08815759279,1.11678071944,1.14540384609,1.34574016924,1.54607649238,1.74641281553,1.94674913868,2.14708546183,2.34742178498,2.54775810813,2.74809443128,2.94843075443,3.14876707758,3.34910340073,3.54943972388,3.74977604703,3.95011237018,3.98856497901,4.02701758784,4.06547019666,4.10392280549,4.14237541432,4.18082802315,4.21928063197,4.2577332408,4.29618584963,4.33463845846,4.37309106728,4.41154367611,4.44999628494,5.47499814247,6.5,6.21873115785,5.9374623157,5.65619347355,5.3749246314,5.09365578925,4.8123869471,4.53111810494,0.597053628624,3.19535013225,6.5,1.69188249521,153.376806348,40,test,ood,True,q_top_peak,,high,peak_6.5,6.5
62,0.0791064654234,0.398522315714,0.0084238739117,2.11772985246,7.02324178887,1.68651332102,4.89899917618,4.6331310795,4.36726298283,4.10139488615,3.83552678948,3.5696586928,3.30379059612,3.03792249945,2.77205440277,2.5061863061,2.24031820942,1.97445011275,1.70858201607,1.44271391939,1.17684582272,1.32417742263,1.47150902253,1.61884062244,1.76617222235,1.91350382225,2.06083542216,2.20816702207,2.35549862198,2.50283022188,2.65016182179,2.84322440001,3.03628697823,3.22934955645,3.42241213467,3.61547471289,3.80853729111,4.00159986933,4.19466244755,4.38772502577,5.44386251288,6.5,6.13819064667,5.77638129334,5.41457194002,5.05276258669,4.69095323336,4.32914388003,3.9673345267,3.60552517337,3.24371582005,2.88190646672,2.52009711339,2.15828776006,0.872651153087,3.3271362309,6.5,1.33178233584,159.702539083,35,test,ood,True,q_top_peak,,high,peak_6.5,6.5
63,0.0706868209404,0.493366904846,0.0352972753913,1.59264712583,15.9275752812,8.69534217043,1.45061969982,1.59884049549,1.74706129117,1.89528208684,2.04350288251,2.19172367819,2.33994447386,2.48816526954,2.63638606521,2.78460686089,2.93282765656,3.08104845224,3.22926924791,2.0249725983,0.820675948694,1.13270802631,1.44474010393,1.75677218154,2.06880425916,2.38083633678,2.6928684144,3.00490049201,3.31693256963,3.62896464725,3.94099672486,4.25302880248,4.5650608801,6.5,6.36105901307,6.22211802614,6.0831770392,5.94423605227,5.80529506534,5.66635407841,5.52741309148,5.38847210455,5.24953111761,5.11059013068,4.97164914375,4.83270815682,4.69376716989,4.55482618296,4.41588519602,4.27694420909,4.13800322216,3.99906223523,3.8601212483,3.72118026136,0.33639828309,3.64112360187,6.5,1.56950398175,174.77393289,27,test,ood,True,q_top_peak,,high,peak_6.5,6.5
64,0.0735479564343,0.381650521055,0.0599810128689,1.18480734367,4.23841693066,9.08720996012,3.36771620948,3.75738627188,4.14705633428,4.53672639668,4.92639645908,4.26558438539,3.60477231171,2.94396023802,2.28314816433,1.62233609065,0.96152401696,2.36921921357,3.77691441018,5.18460960678,6.59230480339,8,7.4668704955,6.93374099099,6.40061148649,5.86748198199,5.33435247749,4.80122297298,4.26809346848,3.73496396398,3.20183445948,2.66870495497,2.13557545047,1.60244594597,1.6399391001,1.67743225424,1.71492540837,1.75241856251,1.78991171664,1.82740487078,1.86489802491,1.90239117905,1.93988433318,1.97737748732,2.01487064145,2.05236379559,2.08985694973,2.12735010386,2.164843258,2.20233641213,2.23982956627,2.2773227204,2.31481587454,2.35230902867,0.345667748412,3.26412572602,8,1.74977214756,156.678034849,15,test,ood,True,q_top_peak,,high,peak_8.0,8
65,0.0516526936603,0.42514739572,0.00551536709145,2.37920204895,7.43528568375,16.8104414651,0.405037154433,0.766702051841,1.12836694925,1.49003184666,1.85169674406,2.21336164147,2.57502653888,2.93669143629,3.2983563337,3.6600212311,4.02168612851,4.38335102592,4.74501592333,5.10668082074,5.46834571814,5.83001061555,6.19167551296,6.55334041037,6.91500530778,7.27667020518,7.63833510259,8,6.96651492143,5.93302984287,4.8995447643,3.86605968573,2.83257460716,1.7990895286,0.76560445003,0.912640885913,1.0596773218,1.20671375768,1.35375019356,1.50078662944,1.64782306533,1.79485950121,1.94189593709,2.08893237297,2.23596880886,2.38300524474,2.53004168062,1.76059232833,1.94180677199,2.12302121564,2.30423565929,2.48545010295,2.6666645466,2.84787899026,0.117762641902,3.25632440652,8,2.07495206637,156.303571513,21,test,ood,True,q_top_peak,,high,peak_8.0,8
66,0.0453766256545,0.472125991345,0.00849403051135,2.08438366425,12.2912736709,15.9818292784,2.31121860387,2.59565767368,2.88009674349,3.16453581329,3.4489748831,3.73341395291,4.01785302271,4.30229209252,4.58673116232,4.87117023213,5.15560930194,5.44004837174,5.72448744155,6.00892651136,6.29336558116,6.57780465097,6.86224372077,7.14668279058,7.43112186039,7.71556093019,8,7.63700608038,7.27401216075,6.91101824113,6.54802432151,6.18503040189,5.82203648226,5.45904256264,5.09604864302,4.73305472339,4.37006080377,4.00706688415,3.64407296453,3.2810790449,2.91808512528,2.99705260574,3.0760200862,3.15498756666,3.23395504712,3.31292252759,3.39189000805,2.30238779053,1.21288557302,0.123383355508,1.02755191709,1.93172047867,2.83588904025,3.74005760183,0.327624095303,4.46862786205,8,1.91943221742,214.494137379,20,test,ood,True,q_top_peak,,high,peak_8.0,8
67,0.0496663754726,0.452004838647,0.0124937869378,2.35791037271,0.341891416728,10.3971965344,4.30267465777,4.56676932508,4.83086399238,5.09495865968,5.35905332698,5.62314799428,5.88724266158,6.15133732889,6.41543199619,6.67952666349,6.94362133079,7.20771599809,7.4718106654,7.7359053327,8,7.5870682144,7.17413642881,6.76120464321,6.34827285761,5.93534107202,5.52240928642,5.10947750082,4.69654571523,4.28361392963,3.87068214403,3.45775035844,3.04481857284,2.63188678725,2.21895500165,1.80602321605,1.75506428698,1.7041053579,1.74736480735,1.7906242568,1.83388370626,1.87714315571,1.92040260516,1.96366205461,2.00692150406,2.05018095351,2.09344040296,2.13669985241,2.17995930186,2.22321875131,2.26647820077,2.30973765022,2.93359301861,3.55744838701,0.77324448788,4.1889202899,8,2.08538021706,201.068173915,14,test,ood,True,q_top_peak,,high,peak_8.0,8
68,0.0352137544009,0.459446063607,0.0107871614299,2.27412278042,0.272512291973,4.64721407264,3.04716644339,2.6559245619,2.2646826804,1.8734407989,1.4821989174,1.0909570359,2.47276562872,3.85457422154,5.23638281436,6.61819140718,8,7.5249443591,7.04988871819,6.57483307729,6.09977743638,5.62472179548,5.14966615457,4.67461051367,4.19955487276,3.72449923186,3.24944359095,2.77438795005,4.60580296854,4.54772416134,4.48964535414,4.43156654694,4.37348773974,4.31540893254,4.25733012533,4.19925131813,4.14117251093,4.08309370373,4.02501489653,3.96693608933,3.90885728213,3.85077847492,3.79269966772,3.73462086052,3.67654205332,3.61846324612,3.56038443892,3.50230563172,3.44422682451,3.38614801731,3.32806921011,3.26999040291,3.21191159571,3.15383278851,0.428880663484,4.08578910524,8,1.41499516374,196.117877052,10,test,ood,True,q_top_peak,,high,peak_8.0,8
69,0.0668366099658,0.4553914993,0.135880072169,1.46463671758,0.315803765329,15.3598347781,1.73543224076,1.97734291196,2.21925358315,2.46116425435,2.70307492554,2.94498559673,3.18689626793,3.42880693912,3.67071761032,3.91262828151,4.15453895271,4.3964496239,3.27605036125,2.1556510986,1.03525183594,1.02539623929,1.01554064263,1.00568504597,0.995829449311,0.985973852653,0.976118255995,0.966262659337,0.956407062679,0.946551466021,0.936695869363,0.926840272705,0.916984676047,0.907129079389,0.897273482731,0.887417886073,0.877562289415,1.89505339093,2.91254449244,3.93003559395,4.94752669546,5.96501779698,6.98250889849,8,7.53016563709,7.06033127418,6.59049691127,6.12066254836,5.65082818545,5.18099382254,4.71115945963,4.24132509672,3.77149073381,3.3016563709,0.530475756001,3.06820228378,8,2.10227315279,147.273709622,37,test,ood,True,q_top_peak,,high,peak_8.0,8
70,0.0535966123191,0.431740737692,0.0101948420655,1.19605296306,1.96183053536,11.6682584897,2.58194168312,2.4835443104,2.38514693769,2.28674956497,2.18835219226,2.08995481955,1.99155744683,1.89316007412,1.7947627014,1.69636532869,1.59796795597,1.49957058326,1.40117321055,1.30277583783,1.35810457064,1.41343330345,1.46876203626,1.52409076907,1.57941950188,1.63474823469,1.6900769675,1.74540570031,1.80073443312,1.85606316593,1.91139189874,1.96672063155,2.02204936436,2.07737809716,2.13270682997,2.18803556278,2.24336429559,2.2986930284,2.35402176121,3.76551632091,5.17701088061,6.5885054403,8,7.48136888175,6.9627377635,6.44410664525,5.925475527,5.40684440875,4.88821329049,4.36958217224,3.85095105399,3.8099721614,3.76899326881,3.72801437622,0.144239157556,2.97136489563,8,1.81186177575,142.62551499,36,test,ood,True,q_top_peak,,high,peak_8.0,8
71,0.0958424724315,0.363046416128,0.00805057441838,1.76798369654,0.286761845673,19.0439185847,2.13665091894,2.09403510032,2.05141928169,2.00880346306,1.96618764444,1.92357182581,1.88095600718,2.56084978416,3.24074356114,3.92063733812,4.6005311151,5.28042489208,5.96031866906,6.64021244604,7.32010622302,8,6.58277376305,5.1655475261,3.74832128915,2.3310950522,2.21430795423,2.09752085625,1.98073375828,1.86394666031,1.74715956234,1.63037246436,1.51358536639,1.39679826842,1.28001117045,1.16322407247,1.0464369745,0.929649876528,0.812862778556,0.696075680583,0.579288582611,0.855762281242,1.13223597987,1.4087096785,1.68518337714,1.96165707577,2.2381307744,2.51460447303,2.79107817166,3.06755187029,3.34402556892,3.62049926755,3.89697296619,4.17344666482,0.440794827454,2.77197954326,8,1.8076891165,133.055018076,15,test,ood,True,q_top_peak,,high,peak_8.0,8
72,0.0452872387717,0.502481023459,0.126244591854,2.611893649,0.380771858691,7.28201538931,2.62000173149,2.61838839494,2.61677505838,2.61516172183,2.61354838528,2.61193504872,2.39162296146,2.17131087419,1.95099878692,1.73068669965,1.51037461238,1.29006252512,1.06975043785,0.849438350581,1.87094715764,2.8924559647,3.91396477176,4.93547357882,5.95698238588,6.97849119294,8,7.81362946491,7.62725892983,7.44088839474,7.25451785965,7.06814732457,6.88177678948,6.69540625439,6.5090357193,6.32266518422,6.13629464913,5.94992411404,5.76355357896,5.57718304387,5.39081250878,5.2044419737,5.01807143861,4.83170090352,4.64533036843,4.45895983335,4.27258929826,4.08621876317,4.134423544,4.18262832484,4.23083310567,4.2790378865,4.32724266733,4.37544744816,0.71227322374,4.45179979192,8,1.99684257615,213.686390012,20,test,ood,True,q_top_peak,,high,peak_8.0,8
73,0.0440046851345,0.489589707105,0.133197958009,1.3381029049,3.42060900492,18.9072889097,1.41407199403,1.72466203367,2.03525207331,2.34584211295,2.65643215259,2.96702219223,3.27761223187,3.58820227151,3.92757132754,4.26694038358,4.60630943962,4.94567849566,5.2850475517,5.62441660773,5.96378566377,6.30315471981,6.64252377585,6.98189283189,7.32126188792,7.66063094396,8,7.75777232413,7.51554464825,7.27331697238,7.03108929651,6.78886162063,6.54663394476,6.30440626889,6.06217859302,5.81995091714,5.57772324127,5.3354955654,5.09326788952,4.85104021365,4.60881253778,4.3665848619,4.12435718603,3.88212951016,3.63990183428,3.58785377423,3.53580571417,3.48375765411,3.43170959405,3.37966153399,3.32761347393,2.38523627155,1.44285906917,0.500481866794,0.504279584509,4.69150743893,8,1.90256371243,225.192357069,20,test,ood,True,q_top_peak,,high,peak_8.0,8
74,0.0547327001219,0.414063610576,0.10537695853,1.56288759057,0.980716997354,5.69432407567,0.157306090399,0.406072150588,0.654838210778,0.903604270967,1.15237033116,1.40113639135,1.64990245154,1.89866851173,2.14743457191,2.3962006321,2.64496669229,2.89373275248,4.17029956436,5.44686637624,6.72343318812,8,7.53315239845,7.0663047969,6.59945719534,6.13260959379,5.66576199224,5.19891439069,4.73206678914,4.26521918758,3.79837158603,3.33152398448,3.31754258636,3.30356118824,3.28957979012,3.275598392,3.26161699389,3.24763559577,3.23365419765,3.21967279953,3.20569140141,3.10837470776,3.01105801412,2.91374132047,2.81642462682,2.71910793317,2.62179123952,2.52447454588,2.42715785223,2.32984115858,2.23252446493,2.13520777129,2.03789107764,1.94057438399,0.57163348624,3.31547783629,8,1.81897593012,159.142936142,15,test,ood,True,q_top_peak,,high,peak_8.0,8
75,0.042084422909,0.385776357325,0.0521902734707,2.25078814931,2.45826529675,2.08335260818,2.44948977958,2.84595479532,3.24241981107,3.63888482681,4.03534984256,4.4318148583,4.82827987405,5.22474488979,5.62120990553,6.01767492128,6.41413993702,6.81060495277,7.20706996851,7.60353498426,8,6.29869189516,4.59738379031,2.89607568547,2.67767186083,2.4592680362,2.24086421156,2.02246038692,1.80405656229,1.58565273765,1.36724891302,1.14884508838,0.930441263743,0.894119355069,0.857797446396,0.821475537723,0.78515362905,0.748831720376,0.712509811703,0.67618790303,0.639865994357,0.603544085683,0.56722217701,0.530900268337,0.494578359664,0.45825645099,0.421934542317,0.385612633644,0.349290724971,0.312968816297,0.278151667548,0.243334518799,0.20851737005,0.173700221302,0.20837818085,2.49091222943,8,2.3449834208,119.563787013,14,test,ood,True,q_top_peak,,high,peak_8.0,8
76,0.0572604927459,0.393866864211,0.0223618826708,1.62851918267,10.1287994766,12.2397607137,2.33340316108,2.28561669749,2.2378302339,2.1900437703,2.14225730671,2.09447084311,2.04668437952,1.99889791593,1.95111145233,1.90332498874,1.85553852515,1.80775206155,1.75996559796,1.71217913437,1.66439267077,1.61660620718,1.56881974359,1.52103327999,1.4732468164,1.4254603528,1.77148875529,2.11751715777,2.46354556026,2.80957396274,3.15560236522,3.50163076771,3.84765917019,4.19368757268,4.53971597516,4.88574437764,5.23177278013,5.57780118261,5.9238295851,6.26985798758,6.61588639006,6.96191479255,7.30794319503,7.65397159752,8,5.95838154484,3.91676308969,1.87514463453,3.03349454532,4.19184445611,3.57333152785,2.95481859959,2.33630567132,1.71779274306,0.964342757474,3.33282614847,8,1.89199807082,159.975655126,38,test,ood,True,q_top_peak,,high,peak_8.0,8
77,0.0577931479646,0.415738667701,0.110522256745,1.88779115914,23.1859153499,7.00258484567,4.27983945358,4.04688294591,3.81392643823,3.58096993056,1.85529514934,0.129620368116,0.40895509649,0.688289824863,0.967624553237,1.24695928161,1.52629400998,1.80562873836,2.08496346673,3.26797077338,4.45097808004,5.63398538669,6.81699269335,8,7.74574021695,7.4914804339,7.23722065085,6.9829608678,6.72870108475,6.4744413017,6.22018151865,5.9659217356,5.71166195255,5.45740216951,5.20314238646,4.94888260341,4.69462282036,4.44036303731,4.18610325426,3.93184347121,3.67758368816,3.42332390511,3.16906412206,2.91480433901,2.66054455596,2.40628477291,2.15202498986,1.89776520681,1.64350542376,1.38924564071,1.13498585766,0.880726074615,0.626466291566,0.372206508517,0.816504448601,3.67446618901,8,2.24892781594,176.374377072,17,test,ood,True,q_top_peak,,high,peak_8.0,8
78,0.06106033774,0.506770952099,0.043301732149,1.61661343786,0.575628045671,1.47424827034,0.783615939731,1.16823104326,1.55284614679,1.93746125031,2.01143661843,3.00953051536,4.00762441229,5.00571830922,6.00381220614,7.00190610307,8,7.69990877155,7.3998175431,7.09972631465,6.79963508619,6.49954385774,6.19945262929,5.89936140084,5.59927017239,5.29917894394,4.99908771549,4.69899648703,4.39890525858,4.09881403013,3.79872280168,3.49863157323,3.19854034478,2.89844911633,2.59835788787,2.29826665942,1.99817543097,1.69808420252,1.39799297407,1.09790174562,0.797810517166,0.884774082196,0.971737647227,1.05870121226,1.14566477729,1.23262834232,1.31959190735,1.40655547238,1.49351903741,1.58048260244,1.66744616747,1.7544097325,1.84137329753,1.92833686256,0.844353566102,3.34875073229,8,2.22244892696,160.74003515,10,test,ood,True,q_top_peak,,high,peak_8.0,8
79,0.0485951026433,0.402240224366,0.0388846334106,1.53690096706,0.431468781678,15.665986963,2.33806819415,2.32994986018,2.32183152621,2.31371319225,2.30559485828,2.29747652431,2.28935819034,2.28123985638,2.27312152241,2.26500318844,2.25688485448,2.24876652051,2.24064818654,2.23252985257,2.22441151861,2.21629318464,2.20817485067,2.20005651671,2.19193818274,4.12795878849,6.06397939425,8,6.02697324123,4.05394648246,2.08091972369,2.04691238916,2.01290505463,1.97889772011,1.94489038558,1.91088305105,1.83954101432,1.76819897758,1.69685694085,1.62551490412,1.55417286738,1.48283083065,1.41148879391,1.34014675718,1.26880472045,1.19746268371,1.12612064698,1.05477861025,0.983436573511,0.912094536778,0.840752500044,0.76941046331,0.698068426576,0.626726389842,0.12145520324,2.19749444684,8,1.3696930113,105.479733449,21,test,ood,True,q_top_peak,,high,peak_8.0,8
80,0.0663720646257,0.479998982412,0.099622445814,1.76952497454,1.1656024557,9.81987008793,3.79495973527,3.68252072657,3.57008171786,3.45764270916,3.34520370045,3.23276469175,3.12032568304,3.00788667434,2.89544766563,2.78300865693,2.67056964822,2.55813063952,2.44569163081,2.33325262211,2.2208136134,2.1083746047,4.37297876014,4.61478017613,4.85658159212,5.09838300811,5.3401844241,5.58198584009,5.82378725608,6.06558867207,6.30739008807,6.54919150406,6.79099292005,7.03279433604,7.27459575203,7.51639716802,7.75819858401,8,1.39219331053,1.57951208108,1.76683085162,1.95414962216,2.14146839271,2.32878716325,2.5161059338,2.70342470434,2.89074347489,3.07806224543,3.26538101598,3.45269978652,3.64001855706,3.82733732761,4.01465609815,4.2019748687,0.252238450041,3.97841354656,8,1.78718310112,190.963850235,31,test,ood,True,q_top_peak,,high,peak_8.0,8
81,0.0627476088905,0.417177016215,0.0108592570048,2.29654856209,0.292736176883,18.2349684001,1.45659170631,1.72181354425,1.9870353822,2.25225722014,2.51747905808,2.78270089603,3.04792273397,3.31314457191,3.57836640986,3.8435882478,4.10881008574,4.37403192368,4.63925376163,5.11936036711,5.59946697259,6.07957357807,6.55968018355,7.03978678904,7.51989339452,8,4.44712199787,0.894243995732,0.835865161098,0.777486326464,0.719107491829,0.660728657195,0.602349822561,0.543970987927,0.485592153292,0.427213318658,0.368834484024,0.638666873569,0.908499263115,1.17833165266,1.44816404221,1.71799643175,1.9878288213,2.25766121084,2.52749360039,2.79732598994,3.06715837948,3.33699076903,3.60682315857,3.87665554812,4.14648793766,4.41632032721,4.68615271676,4.9559851063,0.580857484076,2.99703777192,8,2.02515997454,143.857813052,19,test,ood,True,q_top_peak,,high,peak_8.0,8
82,0.0603892774917,0.496102380265,0.0653387914898,2.1594060559,3.26479426839,1.04776939635,1.90174273314,1.73852375733,1.57530478153,1.41208580572,1.49483574117,1.57758567662,1.66033561207,1.74308554752,1.82583548297,1.90858541842,1.99133535386,2.07408528931,2.15683522476,2.23958516021,2.32233509566,2.40508503111,1.88032291789,1.35556080468,0.830798691459,1.15667147821,1.48254426496,1.80841705171,2.13428983847,2.46016262522,2.78603541197,3.11190819872,3.43778098547,3.76365377223,4.08952655898,4.41539934573,4.74127213248,5.06714491923,5.39301770599,5.71889049274,6.04476327949,6.37063606624,6.69650885299,7.02238163974,7.3482544265,7.67412721325,8,7.15458004567,6.30916009133,5.463740137,4.61832018267,3.77290022833,2.927480274,2.08206031967,0.418509633849,3.48219774301,8,2.07287004868,167.145491664,40,test,ood,True,q_top_peak,,high,peak_8.0,8
83,0.0467308702399,0.36482145279,0.0118744000811,2.57802635991,5.48651468202,17.9000789648,2.85526713638,3.28399487501,3.71272261365,4.14145035228,4.57017809092,4.99890582955,5.42763356819,5.85636130682,6.28508904546,6.71381678409,7.14254452273,7.57127226136,8,7.5273590913,7.0547181826,6.58207727389,6.10943636519,5.63679545649,5.16415454779,4.69151363908,4.21887273038,3.74623182168,3.27359091298,2.80095000427,2.32830909557,1.85566818687,1.38302727817,1.34844459374,1.31386190931,1.27927922488,1.24469654045,1.21011385602,1.17553117159,1.14094848716,1.10636580273,1.0717831183,1.40166180476,1.73154049122,2.06141917768,2.39129786414,2.7211765506,3.05105523706,2.80008832335,2.54912140964,2.29815449593,2.04718758222,1.79622066851,1.5452537548,0.369389106925,3.54619047993,8,2.12045845694,170.217143037,12,test,ood,True,q_top_peak,,high,peak_8.0,8
84,0.0392181699997,0.366869258917,0.0267139570766,2.52678125217,1.88758344801,18.7965846495,3.51894539607,3.40584203764,3.29273867921,3.17963532078,3.06653196235,2.95342860391,2.84032524548,2.72722188705,2.61411852862,2.50101517019,2.38791181176,2.27480845333,2.1617050949,2.04860173647,1.93549837803,1.8223950196,1.70929166117,1.59618830274,1.48308494431,1.36998158588,1.25687822745,1.14377486902,1.03067151059,0.917568152154,0.804464793723,0.691361435292,0.57825807686,0.465154718429,0.352051359998,0.83608922113,1.32012708226,1.80416494339,2.28820280453,2.77224066566,3.25627852679,3.74031638792,4.22435424905,8,6.76677972488,5.53355944975,4.30033917463,3.0671188995,3.05939646028,3.05167402106,3.04395158184,3.03622914262,3.0285067034,3.02078426419,0.990084382148,2.54749096387,8,1.4994514036,122.279566266,37,test,ood,True,q_top_peak,,high,peak_8.0,8
85,0.0645477640285,0.377084914925,0.0133058310665,2.45399503827,22.2770154169,10.7049334181,3.21502260773,3.18879192434,3.16256124094,3.13633055755,3.11009987415,3.1030078703,3.09591586645,3.0888238626,3.08173185875,3.0746398549,3.06754785105,3.0604558472,3.05336384335,3.0462718395,3.03917983565,3.0320878318,3.02499582795,3.0179038241,3.01081182025,3.0037198164,2.99662781255,2.9895358087,2.98244380485,2.975351801,2.96825979715,2.9611677933,2.95407578945,2.9469837856,2.93989178175,2.9327997779,2.92570777405,2.9186157702,2.91152376635,2.9044317625,2.89733975865,2.8902477548,2.88315575095,2.8760637471,2.86897174325,5.43448587162,8,5.3486003943,2.69720078861,2.42660300839,2.15600522817,1.88540744794,1.61480966772,1.3442118875,0.887503610347,3.08841216519,8,0.951021656972,148.243783929,40,test,ood,True,q_top_peak,,high,peak_8.0,8
86,0.0418266410674,0.379258638215,0.0176217242147,2.63525970303,2.23296981402,9.7053516167,1.55003049817,1.57929680014,1.6085631021,1.63782940407,1.66709570603,1.696362008,1.72562830996,1.75489461192,2.4487952106,3.14269580927,3.83659640795,4.53049700662,5.2243976053,5.91829820397,6.61219880265,7.30609940132,8,6.23599336046,4.47198672092,3.45930837771,2.4466300345,1.43395169129,1.47845573213,1.52295977298,1.56746381383,1.61196785467,1.65647189552,1.70097593636,1.74547997721,1.78998401806,1.8344880589,1.87899209975,1.92349614059,1.96800018144,2.01250422229,2.05700826313,2.10151230398,2.14601634482,2.19052038567,2.23502442652,2.27952846736,2.32403250821,2.36853654906,2.4130405899,2.45754463075,2.50204867159,2.54655271244,2.59105675329,0.194753299743,2.73314190382,8,1.62848851688,131.190811383,16,test,ood,True,q_top_peak,,high,peak_8.0,8
87,0.0364641818483,0.395174016364,0.025542315054,1.35358916485,5.42341966336,8.25839169231,3.06695322984,3.771674197,4.47639516417,5.18111613134,5.8858370985,6.59055806567,7.29527903283,8,5.43830996224,2.87661992447,0.31492988671,0.797743301463,1.28055671622,1.76337013097,2.24618354572,2.72899696047,3.21181037523,3.69462378998,4.17743720473,4.66025061948,4.59708348,4.55413948625,4.51119549249,4.46825149873,4.42530750498,4.38236351122,4.33941951746,4.29647552371,4.25353152995,4.21058753619,4.16764354244,4.12469954868,4.08175555492,4.03881156117,3.99586756741,3.95292357365,3.9099795799,3.86703558614,3.82409159238,3.78114759863,3.73820360487,3.69525961111,3.65231561736,3.6093716236,3.56642762984,3.52348363609,3.48053964233,3.43759564857,0.17406672703,3.95716985702,8,1.3570545202,189.944153137,7,test,ood,True,q_top_peak,,high,peak_8.0,8
88,0.0715293639996,0.446742371338,0.0802544335434,2.22567421555,0.84871265928,16.856631984,1.77925292839,1.85718547021,1.93511801203,2.01305055385,2.09098309567,2.16891563749,2.2468481793,2.32478072112,2.40271326294,2.48064580476,2.55857834658,2.6365108884,2.71444343021,2.79237597203,2.87030851385,2.94824105567,3.02617359749,3.10410613931,3.18203868113,3.25997122294,3.79124264864,4.32251407433,5.54834271622,6.77417135811,8,7.6457529435,7.291505887,6.9372588305,6.58301177401,6.22876471751,5.87451766101,5.52027060451,5.16602354801,4.81177649151,4.45752943502,4.10328237852,3.74903532202,3.39478826552,3.04054120902,2.68629415252,2.33204709603,1.97780003953,1.62355298303,1.89749293192,2.17143288081,2.4453728297,2.71931277858,2.99325272747,0.647854703234,3.63498187079,8,1.75950182973,174.479129798,24,test,ood,True,q_top_peak,,high,peak_8.0,8
89,0.0889454521644,0.405352601222,0.0531652929213,2.48786638926,19.654908248,7.77868206249,1.62509775615,1.67358057597,1.72206339578,1.77054621559,1.81902903541,1.86751185522,1.91599467503,1.96447749484,2.01296031466,2.06144313447,2.10992595428,2.1584087741,2.20689159391,2.25537441372,2.30385723353,2.50207477954,2.70029232555,2.89850987155,3.09672741756,3.29494496357,3.49316250957,3.69138005558,3.88959760159,4.08781514759,4.2860326936,4.48425023961,3.95232374407,4.45828327606,4.96424280805,5.47020234004,5.97616187204,6.48212140403,6.98808093602,7.49404046801,8,7.51306201665,7.0261240333,6.53918604995,6.0522480666,5.56531008325,5.0783720999,4.59143411655,4.1044961332,3.61755814985,3.1306201665,2.64368218315,2.15674419981,1.66980621646,0.237907975428,3.77845938316,8,1.85858354284,181.366050391,34,test,ood,True,q_top_peak,,high,peak_8.0,8
90,0.0618862002432,0.500015037816,0.00635446392985,1.39670236642,1.45472703957,18.6138171167,0.579352083396,0.721179439654,0.863006795913,1.00483415217,1.14666150843,1.28848886469,1.43031622095,2.3688424751,3.30736872925,4.2458949834,5.18442123755,6.1229474917,7.06147374585,8,7.01462668775,6.02925337551,5.04388006326,4.05850675102,3.847143255,3.63577975898,3.42441626297,3.21305276695,3.00168927094,2.79032577492,2.5789622789,2.36759878289,2.15623528687,1.94487179085,1.73350829484,1.52214479882,1.3107813028,1.09941780679,0.888054310771,0.676690814755,0.775409139431,0.874127464107,0.972845788783,1.07156411346,1.17028243813,1.26900076281,1.36771908749,1.46643741216,1.56515573684,1.66387406151,1.76259238619,1.86131071087,1.96002903554,2.05874736022,0.106862640595,2.53126713877,8,1.86938159918,121.500822661,13,test,ood,True,q_top_peak,,high,peak_8.0,8
91,0.0521366181035,0.404998025327,0.0152202277908,1.87629993711,0.371820177742,12.4124500569,2.57544894603,2.55383982122,2.53223069641,2.51062157161,2.4890124468,2.46740332199,2.44579419719,2.42418507238,2.40257594757,2.38096682277,2.35935769796,2.33774857315,2.31613944835,2.29453032354,2.27292119873,2.25131207393,3.27612319678,4.30093431963,4.76331752967,5.22570073972,5.68808394977,6.15046715981,6.61285036986,7.07523357991,7.53761678995,8,7.6679543408,7.33590868161,7.00386302241,6.67181736321,6.33977170402,6.00772604482,5.67568038562,5.34363472642,5.01158906723,4.67954340803,4.34749774883,4.01545208964,3.88086026752,3.7462684454,3.61167662329,3.47708480117,3.34249297905,3.20790115694,3.07330933482,2.9387175127,2.80412569059,2.66953386847,0.557942859303,4.16868385536,8,1.81004091486,200.096825057,25,test,ood,True,q_top_peak,,high,peak_8.0,8
92,0.0964530853046,0.448680443072,0.00600595758925,1.14284228974,1.62172961334,14.3980195285,3.65750085795,3.67156554316,3.68563022837,3.69969491358,3.71375959879,3.727824284,3.74188896921,3.75595365442,3.77001833963,5.18001222642,6.59000611321,8,5.39287647469,2.78575294938,0.178629424063,0.662533456339,1.14643748862,1.63034152089,2.11424555317,2.59814958544,3.08205361772,3.56595765,3.58620520037,3.60645275075,3.62670030112,3.6469478515,3.66719540187,3.68744295225,3.70769050262,3.727938053,3.74818560337,3.76843315375,3.78868070412,3.8089282545,3.82917580487,3.84942335525,3.86967090562,3.889918456,3.91016600637,3.93041355675,3.95066110712,3.9709086575,3.99115620787,4.01140375825,4.03165130862,4.051898859,4.07214640937,4.09239395975,0.740519726271,3.67026294855,8,1.21078830939,176.172621531,11,test,ood,True,q_top_peak,,high,peak_8.0,8
93,0.0801741906047,0.422057211821,0.0215415924352,1.09510073171,8.38434622787,17.5605668142,0.902087359938,1.22454302786,1.54699869577,1.86945436369,2.19191003161,2.36478729236,2.53766455311,2.71054181386,2.8834190746,3.05629633535,3.2291735961,3.40205085685,3.57492811759,3.74780537834,3.92068263909,4.23447628224,4.54826992538,4.86206356853,5.17585721168,5.48965085482,5.80344449797,6.11723814112,6.43103178427,6.74482542741,7.05861907056,7.37241271371,7.68620635685,8,7.59720405547,7.19440811093,6.7916121664,6.38881622186,5.98602027733,5.58322433279,5.18042838826,4.77763244372,4.37483649919,3.97204055466,3.56924461012,3.16644866559,2.76365272105,2.36085677652,1.95806083198,1.55526488745,2.22863584499,2.90200680252,3.57537776006,4.2487487176,0.921734377831,4.26793665915,8,1.92976659587,204.860959639,27,test,ood,True,q_top_peak,,high,peak_8.0,8
94,0.046537957449,0.371901096029,0.0706846039327,1.69598067837,0.479929931316,11.7878942718,2.28846196896,2.52518684284,2.76191171673,2.99863659061,3.23536146449,3.47208633838,3.70881121226,3.94553608615,8,4.98493131604,1.96986263208,1.38429995881,0.798737285528,0.213174612251,0.335287811153,0.457401010055,0.579514208957,0.701627407859,0.823740606761,0.945853805663,1.06796700456,1.19008020347,1.31219340237,1.43430660127,1.55641980017,1.67853299907,1.80064619798,1.92275939688,2.04487259578,2.16698579468,2.28909899358,2.41121219249,2.53332539139,2.65543859029,2.77755178919,2.89966498809,3.021778187,3.1438913859,3.2660045848,3.3881177837,3.5102309826,3.6323441815,3.75445738041,3.87657057931,3.99868377821,4.12079697711,4.24291017601,4.36502337492,0.290517986807,2.54567267059,8,1.45011000765,122.192288188,8,test,ood,True,q_top_peak,,high,peak_8.0,8
95,0.0340463942188,0.43218843811,0.078358855766,2.61933911064,14.3223698751,9.49180445912,1.21317026413,1.33038033315,1.44759040217,1.56480047118,1.59008861231,1.61537675344,1.64066489457,1.6832610967,1.72585729882,1.76845350095,1.81104970307,1.85364590519,1.89624210732,2.27772697561,2.6592118439,3.0406967122,3.42218158049,3.80366644878,4.18515131707,4.56663618537,4.94812105366,5.32960592195,5.71109079024,6.09257565854,6.47406052683,6.85554539512,7.23703026341,7.61851513171,8,7.67692430292,7.35384860585,7.03077290877,6.70769721169,6.38462151462,6.06154581754,5.73847012046,5.41539442339,5.09231872631,4.76924302923,4.44616733215,4.12309163508,3.800015938,3.47694024092,3.15386454385,2.83078884677,2.50771314969,2.18463745262,1.86156175554,0.957122414854,4.04120863965,8,2.11458842337,193.978014703,28,test,ood,True,q_top_peak,,high,peak_8.0,8
